"FTM Limite diffraction_x","FTM Limite diffraction_y","0.0_x","0.0_y","0.5_x","0.5_y","1.0_x","1.0_y","1.5_x","1.5_y"
0,1,0,1,0,1,0,1,0,1,
0.02704463995,0.9980678866,0.09765625,0.9987551647,0.09765625,0.9991764573,0.09765625,0.9990035915,0.09765625,0.998969664,
0.0540892799,0.996135778,0.1953125,0.9949685888,0.1953125,0.996642512,0.1953125,0.9959562286,0.1953125,0.9958194926,
0.08113391984,0.9942036789,0.29296875,0.9887323786,0.29296875,0.9924568501,0.29296875,0.9909319888,0.29296875,0.9906205272,
0.1081785598,0.9922715942,0.390625,0.9801967668,0.390625,0.9867153366,0.390625,0.9840517924,0.390625,0.9834887448,
0.1352231997,0.9903395285,0.48828125,0.9695649984,0.48828125,0.9795479447,0.48828125,0.9754794208,0.48828125,0.9745812425,
0.1622678397,0.9884074868,0.5859375,0.9570864233,0.5859375,0.9711145846,0.5859375,0.9654161292,0.5859375,0.9640910809,
0.1893124796,0.9864754737,0.68359375,0.9430480423,0.68359375,0.961599961,0.68359375,0.9540940362,0.68359375,0.9522409665,
0.2163571196,0.984543494,0.78125,0.9277648019,0.78125,0.9512076172,0.78125,0.9417685139,0.78125,0.9392759935,
0.2434017595,0.9826115525,0.87890625,0.9115689787,0.87890625,0.9401533535,0.87890625,0.9287098355,0.87890625,0.9254556971,
0.2704463995,0.980679654,0.9765625,0.8947990234,0.9765625,0.9286582318,0.9765625,0.9151943655,0.9765625,0.9110456955,
0.2974910394,0.9787478033,1.07421875,0.8777882537,1.07421875,0.916941401,1.07421875,0.9014955958,1.07421875,0.8963092131,
0.3245356794,0.9768160051,1.171875,0.8608538029,1.171875,0.9052129929,1.171875,0.8878753426,1.171875,0.8814987843,
0.3515803193,0.9748842642,1.26953125,0.8442862268,1.26953125,0.8936673547,1.26953125,0.8745754263,1.26953125,0.8668484386,
0.3786249593,0.9729525854,1.3671875,0.8283401742,1.3671875,0.8824768863,1.3671875,0.8618101499,1.3671875,0.8525666541,
0.4056695992,0.9710209735,1.46484375,0.8132265027,1.46484375,0.8717867462,1.46484375,0.8497598768,1.46484375,0.8388303508,
0.4327142392,0.9690894333,1.5625,0.7991061903,1.5625,0.8617106677,1.5625,0.8385659798,1.5625,0.8257801606,
0.4597588791,0.9671579694,1.66015625,0.7860863372,1.66015625,0.8523280927,1.66015625,0.8283273852,1.66015625,0.8135171675,
0.4868035191,0.9652265868,1.7578125,0.7742184658,1.7578125,0.8436827691,1.7578125,0.8190988698,1.7578125,0.8021012526,
0.513848159,0.9632952902,1.85546875,0.7634992201,1.85546875,0.8357828862,1.85546875,0.8108911875,1.85546875,0.79155111,
0.540892799,0.9613640844,1.953125,0.7538734315,1.953125,0.8286027365,1.953125,0.8036730041,1.953125,0.7818459167,
0.5679374389,0.9594329741,2.05078125,0.7452393796,2.05078125,0.8220858022,2.05078125,0.7973745212,2.05078125,0.7729285577,
0.5949820789,0.9575019641,2.1484375,0.737455945,2.1484375,0.8161490782,2.1484375,0.7918925767,2.1484375,0.7647102293,
0.6220267188,0.9555710593,2.24609375,0.73035124,2.24609375,0.8106883791,2.24609375,0.7870969314,2.24609375,0.7570761706,
0.6490713587,0.9536402644,2.34375,0.7237322343,2.34375,0.8055843254,2.34375,0.7828373993,2.34375,0.7498922272,
0.6761159987,0.9517095842,2.44140625,0.7173948622,2.44140625,0.8007086861,2.44140625,0.7789514516,2.44140625,0.7430119179,
0.7031606386,0.9497790235,2.5390625,0.711134103,2.5390625,0.795930754,2.5390625,0.7752719251,2.5390625,0.736283668,
0.7302052786,0.947848587,2.63671875,0.7047535715,2.63671875,0.7911234532,2.63671875,0.7716344882,2.63671875,0.7295578829,
0.7572499185,0.9459182796,2.734375,0.6980742102,2.734375,0.7861689175,2.734375,0.7678845524,2.734375,0.7226935666,
0.7842945585,0.9439881061,2.83203125,0.6909417507,2.83203125,0.7809633212,2.83203125,0.7638833682,2.83203125,0.7155642228,
0.8113391984,0.9420580712,2.9296875,0.6832326871,2.9296875,0.7754207958,2.9296875,0.7595130955,2.9296875,0.7080628282,
0.8383838384,0.9401281798,3.02734375,0.6748585804,3.02734375,0.7694763194,3.02734375,0.7546806919,3.02734375,0.7001057144,
0.8654284783,0.9381984365,3.125,0.6657685877,3.125,0.7630875091,3.125,0.7493205216,3.125,0.6916352469,
0.8924731183,0.9362688463,3.22265625,0.6559501865,3.22265625,0.7562353008,3.22265625,0.7433956344,3.22265625,0.6826212445,
0.9195177582,0.9343394139,3.3203125,0.6454281304,3.3203125,0.7489235382,3.3203125,0.7368977237,3.3203125,0.673061132,
0.9465623982,0.9324101441,3.41796875,0.6342617479,3.41796875,0.7411775399,3.41796875,0.7298458192,3.41796875,0.6629788682,
0.9736070381,0.9304810418,3.515625,0.6225407565,3.515625,0.7330417468,3.515625,0.7222838174,3.515625,0.6524227414,
1.000651678,0.9285521116,3.61328125,0.6103798299,3.61328125,0.724576592,3.61328125,0.7142770025,3.61328125,0.6414621648,
1.027696318,0.9266233585,3.7109375,0.5979122056,3.7109375,0.7158547596,3.7109375,0.7059077438,3.7109375,0.6301836453,
1.054740958,0.9246947872,3.80859375,0.5852826666,3.80859375,0.7069570305,3.80859375,0.6972705951,3.80859375,0.6186861301,
1.081785598,0.9227664025,3.90625,0.5726402579,3.90625,0.6979679248,3.90625,0.6884670422,3.90625,0.6070759604,
1.108830238,0.9208382092,4.00390625,0.5601311106,4.00390625,0.6889713621,4.00390625,0.6796001607,4.00390625,0.5954616773,
1.135874878,0.9189102122,4.1015625,0.5478917373,4.1015625,0.6800465577,4.1015625,0.6707694484,4.1015625,0.5839489294,
1.162919518,0.9169824162,4.19921875,0.536043129,4.19921875,0.6712643565,4.19921875,0.6620660838,4.19921875,0.5726357241,
1.189964158,0.9150548261,4.296875,0.5246859294,4.296875,0.6626841822,4.296875,0.6535688371,4.296875,0.5616082442,
1.217008798,0.9131274466,4.39453125,0.5138968858,4.39453125,0.6543517395,4.39453125,0.645340819,4.39453125,0.5509374207,
1.244053438,0.9112002826,4.4921875,0.5037266878,4.4921875,0.6462975592,4.4921875,0.6374272023,4.4921875,0.5406764068,
1.271098078,0.9092733389,4.58984375,0.4941992115,4.58984375,0.6385364255,4.58984375,0.629853991,4.58984375,0.5308590466,
1.298142717,0.9073466204,4.6875,0.4853120987,4.6875,0.6310676676,4.6875,0.6226278489,4.6875,0.5214993736,
1.325187357,0.9054201317,4.78515625,0.4770385338,4.78515625,0.6238762525,4.78515625,0.6157369385,4.78515625,0.5125921149,
1.352231997,0.9034938778,4.8828125,0.4693300288,4.8828125,0.6169345685,4.8828125,0.6091526694,4.8828125,0.5041141254,
1.379276637,0.9015678635,4.98046875,0.4621200045,4.98046875,0.6102047626,4.98046875,0.6028322101,4.98046875,0.4960266273,
1.406321277,0.8996420936,5.078125,0.4553279535,5.078125,0.6036414726,5.078125,0.5967215905,5.078125,0.4882780984,
1.433365917,0.8977165729,5.17578125,0.4488639741,5.17578125,0.5971947901,5.17578125,0.5907592027,5.17578125,0.4808076312,
1.460410557,0.8957913063,5.2734375,0.4426334829,5.2734375,0.5908132909,5.2734375,0.5848795089,5.2734375,0.4735485747,
1.487455197,0.8938662985,5.37109375,0.4365419192,5.37109375,0.5844469827,5.37109375,0.5790167637,5.37109375,0.466432272,
1.514499837,0.8919415545,5.46875,0.4304992678,5.46875,0.5780500329,5.46875,0.5731085777,5.46875,0.4593917167,
1.541544477,0.890017079,5.56640625,0.4244242233,5.56640625,0.5715831587,5.56640625,0.5670991616,5.56640625,0.4523649648,
1.568589117,0.888092877,5.6640625,0.4182478301,5.6640625,0.5650155839,5.6640625,0.5609421143,5.6640625,0.4452981578,
1.595633757,0.8861689531,5.76171875,0.4119164334,5.76171875,0.5583264844,5.76171875,0.5546026411,5.76171875,0.4381480357,
1.622678397,0.8842453124,5.859375,0.4053937992,5.859375,0.5515058706,5.859375,0.5480591165,5.859375,0.430883842,
1.649723037,0.8823219596,5.95703125,0.3986622885,5.95703125,0.5445548763,5.95703125,0.5413039329,5.95703125,0.4234885512,
1.676767677,0.8803988995,6.0546875,0.3917230118,6.0546875,0.53748545,6.0546875,0.534343612,6.0546875,0.4159593806,
1.703812317,0.878476137,6.15234375,0.3845949445,6.15234375,0.5303194704,6.15234375,0.527198188,6.15234375,0.408307578,
1.730856957,0.8765536771,6.25,0.3773130436,6.25,0.5230873353,6.25,0.5198999064,6.25,0.4005575152,
1.757901597,0.8746315244,6.34765625,0.3699254716,6.34765625,0.5158261023,6.34765625,0.5124913192,6.34765625,0.3927451469,
1.784946237,0.8727096839,6.4453125,0.3624900977,6.4453125,0.5085772801,6.4453125,0.5050228862,6.4453125,0.38491593,
1.811990877,0.8707881605,6.54296875,0.3550705023,6.54296875,0.5013843975,6.54296875,0.4975502226,6.54296875,0.3771223235,
1.839035516,0.868866959,6.640625,0.3477317534,6.640625,0.4942904856,6.640625,0.4901311498,6.640625,0.3694210122,
1.866080156,0.8669460842,6.73828125,0.340536247,6.73828125,0.4873356206,6.73828125,0.4828227173,6.73828125,0.3618700086,
1.893124796,0.8650255411,6.8359375,0.3335398981,6.8359375,0.4805546701,6.8359375,0.4756783621,6.8359375,0.3545257903,
1.920169436,0.8631053344,6.93359375,0.3267889381,6.93359375,0.4739753725,6.93359375,0.4687453592,6.93359375,0.3474406198,
1.947214076,0.8611854692,7.03125,0.3203175149,7.03125,0.4676168577,7.03125,0.4620626927,7.03125,0.3406601773,
1.974258716,0.8592659502,7.12890625,0.314146211,7.12890625,0.4614886828,7.12890625,0.4556594426,7.12890625,0.3342216061,
2.001303356,0.8573467823,7.2265625,0.3082815059,7.2265625,0.4555904249,7.2265625,0.449553748,7.2265625,0.3281520414,
2.028347996,0.8554279705,7.32421875,0.3027161212,7.32421875,0.4499118294,7.32421875,0.4437523631,7.32421875,0.3224676566,
2.055392636,0.8535095195,7.421875,0.2974301203,7.421875,0.4444334836,7.421875,0.4382507919,7.421875,0.3171732334,
2.082437276,0.8515914344,7.51953125,0.2923925963,7.51953125,0.4391279491,7.51953125,0.4330339523,7.51953125,0.3122622384,
2.109481916,0.8496737199,7.6171875,0.2875637665,7.6171875,0.4339612723,7.6171875,0.4280773033,7.6171875,0.3077173696,
2.136526556,0.8477563809,7.71484375,0.2828973178,7.71484375,0.4288947724,7.71484375,0.4233483525,7.71484375,0.3035115317,
2.163571196,0.8458394225,7.8125,0.27834287,7.8125,0.4238870083,7.8125,0.4188084575,7.8125,0.2996091894,
2.190615836,0.8439228494,7.91015625,0.2738484686,7.91015625,0.4188958229,7.91015625,0.4144148315,7.91015625,0.2959680476,
2.217660476,0.8420066666,8.0078125,0.2693630416,8.0078125,0.4138803698,8.0078125,0.4101226663,8.0078125,0.2925409993,
2.244705116,0.840090879,8.10546875,0.2648387688,8.10546875,0.4088030359,8.10546875,0.4058872831,8.10546875,0.2892782744,
2.271749756,0.8381754914,8.203125,0.2602333128,8.203125,0.4036311797,8.203125,0.4016662264,8.203125,0.2861297076,
2.298794396,0.8362605089,8.30078125,0.2555118429,8.30078125,0.3983386155,8.30078125,0.3974212129,8.30078125,0.2830470315,
2.325839036,0.8343459362,8.3984375,0.2506487676,8.3984375,0.3929067802,8.3984375,0.3931198489,8.3984375,0.2799860865,
2.352883675,0.8324317784,8.49609375,0.2456290744,8.49609375,0.3873255308,8.49609375,0.3887370341,8.49609375,0.2769088339,
2.379928315,0.8305180404,8.59375,0.2404491756,8.59375,0.3815935339,8.59375,0.3842559783,8.59375,0.2737850572,
2.406972955,0.8286047271,8.69140625,0.2351171647,8.69140625,0.3757182224,8.69140625,0.3796687704,8.69140625,0.2705936489,
2.434017595,0.8266918433,8.7890625,0.2296524236,8.7890625,0.3697153154,8.7890625,0.3749764601,8.7890625,0.2673233987,
2.461062235,0.8247793942,8.88671875,0.2240845626,8.88671875,0.3636079202,8.88671875,0.3701886396,8.88671875,0.2639732285,
2.488106875,0.8228673845,8.984375,0.2184517326,8.984375,0.3574252592,8.984375,0.3653225421,8.984375,0.2605518542,
2.515151515,0.8209558193,9.08203125,0.2127984139,9.08203125,0.3512010911,9.08203125,0.3604017054,9.08203125,0.2570768929,
2.542196155,0.8190447034,9.1796875,0.2071728452,9.1796875,0.3449719192,9.1796875,0.3554542824,9.1796875,0.2535734712,
2.569240795,0.8171340419,9.27734375,0.2016243055,9.27734375,0.3387750967,9.27734375,0.3505111056,9.27734375,0.2500724281,
2.596285435,0.8152238396,9.375,0.1962004862,9.375,0.3326469516,9.375,0.3456036324,9.375,0.2466082284,
2.623330075,0.8133141016,9.47265625,0.1909451868,9.47265625,0.3266210507,9.47265625,0.3407619093,9.47265625,0.2432167286,
2.650374715,0.8114048328,9.5703125,0.1858965236,9.5703125,0.3207267139,9.5703125,0.3360126879,9.5703125,0.2399329338,
2.677419355,0.8094960382,9.66796875,0.1810857696,9.66796875,0.3149878635,9.66796875,0.3313778143,9.66796875,0.2367888875,
2.704463995,0.8075877227,9.765625,0.1765368378,9.765625,0.3094222649,9.765625,0.3268729861,9.765625,0.2338118082,
2.731508635,0.8056798913,9.86328125,0.172266323,9.86328125,0.3040411731,9.86328125,0.3225069387,9.86328125,0.2310225649,
2.758553275,0.8037725489,9.9609375,0.1682839244,9.9609375,0.2988493657,9.9609375,0.3182810858,9.9609375,0.2284345481,
2.785597915,0.8018657007,10.05859375,0.1645930318,10.05859375,0.2938455108,10.05859375,0.3141896041,10.05859375,0.2260529595,
2.812642555,0.7999593515,10.15625,0.1611912618,10.15625,0.2890227944,10.15625,0.3102199221,10.15625,0.2238745171,
2.839687195,0.7980535064,10.25390625,0.1580707975,10.25390625,0.2843697272,10.25390625,0.3063535533,10.25390625,0.2218875536,
2.866731834,0.7961481703,10.3515625,0.1552184896,10.3515625,0.2798710494,10.3515625,0.3025672006,10.3515625,0.2200724755,
2.893776474,0.7942433482,10.44921875,0.1526157939,10.44921875,0.2755086728,10.44921875,0.298834059,10.44921875,0.2184025505,
2.920821114,0.7923390452,10.546875,0.1502387198,10.546875,0.2712626119,10.546875,0.2951252455,10.546875,0.2168449905,
2.947865754,0.7904352662,10.64453125,0.1480580163,10.64453125,0.2671118819,10.64453125,0.2914112932,10.64453125,0.2153623023,
2.974910394,0.7885320163,10.7421875,0.14603981,10.7421875,0.2630353537,10.7421875,0.28766365,10.7421875,0.2139138692,
3.001955034,0.7866293005,10.83984375,0.1441468307,10.83984375,0.259012565,10.83984375,0.2838561298,10.83984375,0.2124577227,
3.028999674,0.7847271238,10.9375,0.1423402412,10.9375,0.2550244879,10.9375,0.2799662613,10.9375,0.2109524409,
3.056044314,0.7828254912,11.03515625,0.140581953,11.03515625,0.2510542431,11.03515625,0.2759764808,11.03515625,0.2093590951,
3.083088954,0.7809244077,11.1328125,0.1388371909,11.1328125,0.2470877403,11.1328125,0.2718751105,11.1328125,0.2076431449,
3.110133594,0.7790238785,11.23046875,0.1370769991,11.23046875,0.243114212,11.23046875,0.2676570678,11.23046875,0.2057761705,
3.137178234,0.7771239085,11.328125,0.1352803631,11.328125,0.2391265955,11.328125,0.2633242529,11.328125,0.2037373253,
3.164222874,0.7752245028,11.42578125,0.1334356615,11.42578125,0.2351217207,11.42578125,0.2588855741,11.42578125,0.2015143999,
3.191267514,0.7733256664,11.5234375,0.1315412421,11.5234375,0.2311002634,11.5234375,0.254356587,11.5234375,0.199104406,
3.218312154,0.7714274044,11.62109375,0.1296050323,11.62109375,0.2270664422,11.62109375,0.2497587493,11.62109375,0.196513621,
3.245356794,0.7695297218,11.71875,0.1276432199,11.71875,0.2230274629,11.71875,0.2451183201,11.71875,0.1937570688,
3.272401434,0.7676326238,11.81640625,0.1256781668,11.81640625,0.2189927391,11.81640625,0.2404649615,11.81640625,0.1908574615,
3.299446074,0.7657361153,11.9140625,0.123735829,11.9140625,0.2149729535,11.9140625,0.2358301332,11.9140625,0.1878436712,
3.326490714,0.7638402015,12.01171875,0.1218430305,12.01171875,0.2109790452,12.01171875,0.2312453867,12.01171875,0.1847488446,
3.353535354,0.7619448875,12.109375,0.1200249658,12.109375,0.2070212269,12.109375,0.2267406848,12.109375,0.1816083131,
3.380579993,0.7600501783,12.20703125,0.1183032628,12.20703125,0.2031081388,12.20703125,0.222342866,12.20703125,0.1784574686,
3.407624633,0.758156079,12.3046875,0.1166948343,12.3046875,0.1992462345,12.3046875,0.2180743624,12.3046875,0.1753297839,
3.434669273,0.7562625947,12.40234375,0.115211584,12.40234375,0.1954394652,12.40234375,0.2139522488,12.40234375,0.1722551338,
3.461713913,0.7543697305,12.5,0.1138608534,12.5,0.1916892931,12.5,0.2099876659,12.5,0.1692585344,
3.488758553,0.7524774916,12.59765625,0.1126463375,12.59765625,0.187995019,12.59765625,0.2061856171,12.59765625,0.1663593607,
3.515803193,0.750585883,12.6953125,0.1115690978,12.6953125,0.1843543682,12.6953125,0.2025451031,12.6953125,0.1635710335,
3.542847833,0.7486949099,12.79296875,0.1106283016,12.79296875,0.1807642451,12.79296875,0.1990595309,12.79296875,0.160901107,
3.569892473,0.7468045774,12.890625,0.1098214024,12.890625,0.1772215504,12.890625,0.1957173237,12.890625,0.1583516428,
3.596937113,0.7449148906,12.98828125,0.1091436487,12.98828125,0.1737239502,12.98828125,0.1925026603,12.98828125,0.1559197331,
3.623981753,0.7430258547,13.0859375,0.1085870115,13.0859375,0.1702705072,13.0859375,0.1893962899,13.0859375,0.1535980528,
3.651026393,0.7411374747,13.18359375,0.1081388109,13.18359375,0.1668621098,13.18359375,0.1863763931,13.18359375,0.1513753547,
3.678071033,0.739249756,13.28125,0.1077804517,13.28125,0.1635016726,13.28125,0.1834194797,13.28125,0.1492368759,
3.705115673,0.7373627035,13.37890625,0.1074867046,13.37890625,0.1601941204,13.37890625,0.1805013317,13.37890625,0.1471646848,
3.732160313,0.7354763225,13.4765625,0.1072258856,13.4765625,0.1569461973,13.4765625,0.177598001,13.4765625,0.145138042,
3.759204953,0.7335906181,13.57421875,0.1069611144,13.57421875,0.1537661619,13.57421875,0.1746868625,13.57421875,0.1431338691,
3.786249593,0.7317055955,13.671875,0.1066526114,13.671875,0.1506634373,13.671875,0.1717477035,13.671875,0.1411274175,
3.813294233,0.7298212599,13.76953125,0.1062607865,13.76953125,0.1476482711,13.76953125,0.1687638028,13.76953125,0.1390931934,
3.840338873,0.7279376165,13.8671875,0.1057497165,13.8671875,0.1447314404,13.8671875,0.1657229296,13.8671875,0.1370061417,
3.867383513,0.7260546704,13.96484375,0.1050905422,13.96484375,0.1419240046,13.96484375,0.1626181741,13.96484375,0.1348430351,
3.894428152,0.7241724269,14.0625,0.1042643186,14.0625,0.1392370778,14.0625,0.1594485136,14.0625,0.1325839556,
3.921472792,0.7222908912,14.16015625,0.1032639295,14.16015625,0.1366815698,14.16015625,0.1562190305,14.16015625,0.1302137222,
3.948517432,0.7204100685,14.2578125,0.1020947931,14.2578125,0.1342678293,14.2578125,0.1529407177,14.2578125,0.1277230995,
3.975562072,0.7185299639,14.35546875,0.1007742246,14.35546875,0.1320051348,14.35546875,0.1496298486,14.35546875,0.1251096338,
4.002606712,0.7166505827,14.453125,0.09932948252,14.453125,0.129901002,14.453125,0.1463069307,14.453125,0.1223779966,
4.029651352,0.7147719302,14.55078125,0.09779468622,14.55078125,0.1279603192,14.55078125,0.142995315,14.55078125,0.1195397645,
4.056695992,0.7128940116,14.6484375,0.09620695844,14.6484375,0.1261843722,14.6484375,0.1397195793,14.6484375,0.11661263,
4.083740632,0.7110168322,14.74609375,0.09460228764,14.74609375,0.1245698683,14.74609375,0.1365038377,14.74609375,0.1136191065,
4.110785272,0.7091403971,14.84375,0.09301169867,14.84375,0.123108099,14.84375,0.1333701463,14.84375,0.1105848533,
4.137829912,0.7072647116,14.94140625,0.09145832304,14.94140625,0.1217843904,14.94140625,0.1303371662,14.94140625,0.1075368087,
4.164874552,0.705389781,15.0390625,0.08995584662,15.0390625,0.1205779647,15.0390625,0.1274192101,15.0390625,0.1045013458,
4.191919192,0.7035156107,15.13671875,0.0885085826,15.13671875,0.119462289,15.13671875,0.1246257379,15.13671875,0.1015026788,
4.218963832,0.7016422057,15.234375,0.08711311047,15.234375,0.1184059201,15.234375,0.1219612968,15.234375,0.09856171231,
4.246008472,0.6997695716,15.33203125,0.08576111392,15.33203125,0.1173737842,15.33203125,0.1194258302,15.33203125,0.0956954611,
4.273053112,0.6978977134,15.4296875,0.08444282154,15.4296875,0.1163287769,15.4296875,0.117015224,15.4296875,0.09291706863,
4.300097752,0.6960266366,15.52734375,0.08315036187,15.52734375,0.1152335358,15.52734375,0.1147219416,15.52734375,0.09023634222,
4.327142392,0.6941563465,15.625,0.08188040028,15.625,0.1140522317,15.625,0.1125356084,15.625,0.08766061884,
4.354187032,0.6922868483,15.72265625,0.0806356035,15.72265625,0.1127522472,15.72265625,0.1104434593,15.72265625,0.08519570525,
4.381231672,0.6904181474,15.8203125,0.07942472828,15.8203125,0.1113056408,15.8203125,0.1084306276,15.8203125,0.08284661694,
4.408276312,0.6885502491,15.91796875,0.07826140404,15.91796875,0.109690344,15.91796875,0.1064803297,15.91796875,0.08061788118,
4.435320951,0.6866831587,16.015625,0.07716192838,16.015625,0.1078910708,16.015625,0.1045740522,16.015625,0.07851326742,
4.462365591,0.6848168817,16.11328125,0.07614258092,16.11328125,0.1058999564,16.11328125,0.1026918753,16.11328125,0.0765349461,
4.489410231,0.6829514233,16.2109375,0.0752170462,16.2109375,0.1037169533,16.2109375,0.1008130513,16.2109375,0.07468222948,
4.516454871,0.6810867889,16.30859375,0.07439449235,16.30859375,0.1013500224,16.30859375,0.09891690584,16.30859375,0.07295018031,
4.543499511,0.679222984,16.40625,0.07367867309,16.40625,0.09881514024,16.40625,0.09698405719,16.40625,0.0713284513,
4.570544151,0.6773600137,16.50390625,0.07306813864,16.50390625,0.0961361265,16.50390625,0.09499786086,16.50390625,0.06980071267,
4.597588791,0.6754978837,16.6015625,0.07255732674,16.6015625,0.09334426114,16.6015625,0.09294591636,16.6015625,0.0683449288,
4.624633431,0.6736365992,16.69921875,0.07213805031,16.69921875,0.09047762913,16.69921875,0.09082142067,16.69921875,0.06693457725,
4.651678071,0.6717761656,16.796875,0.07180078062,16.796875,0.08758009838,16.796875,0.08862413751,16.796875,0.06554070666,
4.678722711,0.6699165884,16.89453125,0.07153518173,16.89453125,0.08469981898,16.89453125,0.0863607719,16.89453125,0.06413455695,
4.705767351,0.6680578729,16.9921875,0.07132957053,16.9921875,0.08188713955,16.9921875,0.0840445955,16.9921875,0.06269035657,
4.732811991,0.6662000247,17.08984375,0.07116930001,17.08984375,0.07919188453,17.08984375,0.08169425711,17.08984375,0.06118788424,
4.759856631,0.6643430491,17.1875,0.07103440782,17.1875,0.07666003881,17.1875,0.07933182766,17.1875,0.05961442759,
4.786901271,0.6624869515,17.28515625,0.0708971443,17.28515625,0.07433004313,17.28515625,0.07698026085,17.28515625,0.0579658651,
4.813945911,0.6606317375,17.3828125,0.07072011362,17.3828125,0.0722290936,17.3828125,0.07466058335,17.3828125,0.05624671497,
4.840990551,0.6587774125,17.48046875,0.0704556876,17.48046875,0.07037000437,17.48046875,0.0723892336,17.48046875,0.05446911918,
4.868035191,0.656923982,17.578125,0.0700471018,17.578125,0.06874925398,17.578125,0.07017601532,17.578125,0.05265085584,
4.895079831,0.6550714514,17.67578125,0.06943129575,17.67578125,0.06734672376,17.67578125,0.06802308607,17.67578125,0.05081259747,
4.922124471,0.6532198262,17.7734375,0.06854321741,17.7734375,0.06612734275,17.7734375,0.06592525302,17.7734375,0.04897475365,
4.94916911,0.651369112,17.87109375,0.0673210659,17.87109375,0.06504445817,17.87109375,0.06387161425,17.87109375,0.04715433932,
4.97621375,0.6495193142,17.96875,0.06571183784,17.96875,0.06404439178,17.96875,0.06184831861,17.96875,0.04536236532,
5.00325839,0.6476704383,18.06640625,0.06367656079,18.06640625,0.06307144567,18.06640625,0.05984198722,18.06640625,0.04360222042,
5.03030303,0.6458224899,18.1640625,0.0611947011,18.1640625,0.06207262934,18.1640625,0.05784320287,18.1640625,0.04186937846,
5.05734767,0.6439754746,18.26171875,0.05826737563,18.26171875,0.06100154894,18.26171875,0.05584945093,18.26171875,0.04015252982,
5.08439231,0.6421293977,18.359375,0.05491914186,18.359375,0.05982113851,18.359375,0.05386697745,18.359375,0.03843595533,
5.11143695,0.640284265,18.45703125,0.05119827051,18.45703125,0.05850514027,18.45703125,0.05191118547,18.45703125,0.0367027148,
5.13848159,0.638440082,18.5546875,0.04717551498,18.5546875,0.05703841372,18.5546875,0.05000539357,18.5546875,0.03493808099,
5.16552623,0.6365968541,18.65234375,0.04294148592,18.65234375,0.05541626418,18.65234375,0.04817802227,18.65234375,0.03313264315,
5.19257087,0.6347545871,18.75,0.03860282619,18.75,0.05364304426,18.75,0.04645855379,18.75,0.03128460707,
5.21961551,0.6329132865,18.84765625,0.03427747303,18.84765625,0.05173031364,18.84765625,0.04487291396,18.84765625,0.02940097889,
5.24666015,0.6310729579,18.9453125,0.03008940452,18.9453125,0.04969485384,18.9453125,0.04343918956,18.9453125,0.02749748311,
5.27370479,0.6292336069,19.04296875,0.0261634047,19.04296875,0.04755682878,19.04296875,0.04216469993,19.04296875,0.0255972026,
5.30074943,0.6273952392,19.140625,0.02262051593,19.140625,0.04533835343,19.140625,0.04104526053,19.140625,0.02372804003,
5.32779407,0.6255578603,19.23828125,0.01957479664,19.23828125,0.04306267705,19.23828125,0.04006696557,19.23828125,0.0219192137,
5.35483871,0.6237214759,19.3359375,0.01713123682,19.3359375,0.04075409787,19.3359375,0.0392101064,19.3359375,0.02019715339,
5.38188335,0.6218860917,19.43359375,0.01538241886,19.43359375,0.03843860357,19.43359375,0.03845419024,19.43359375,0.01858137562,
5.40892799,0.6200517133,19.53125,0.01439862112,19.53125,0.03614508019,19.53125,0.03778267613,19.53125,0.01708115282,
5.43597263,0.6182183464,19.62890625,0.01420884574,19.62890625,0.03390675663,19.62890625,0.03718609413,19.62890625,0.01569391579,
5.463017269,0.6163859967,19.7265625,0.01478389455,19.7265625,0.03176235562,19.7265625,0.03666259621,19.7265625,0.01440615472,
5.490061909,0.6145546699,19.82421875,0.01603921305,19.82421875,0.02975621577,19.82421875,0.0362155826,19.82421875,0.01319702426,
5.517106549,0.6127243716,19.921875,0.0178552372,19.921875,0.02793648403,19.921875,0.03584875685,19.921875,0.01204409393,
5.544151189,0.6108951076,20.01953125,0.02009598705,20.01953125,0.02635051263,20.01953125,0.03555968937,20.01953125,0.01093011603,
5.571195829,0.6090668837,20.1171875,0.02261706993,20.1171875,0.0250371348,20.1171875,0.03533353347,20.1171875,0.009849614238,
5.598240469,0.6072397055,20.21484375,0.02526780691,20.21484375,0.02401682684,20.21484375,0.03513868404,20.21484375,0.008814423274,
5.625285109,0.6054135788,20.3125,0.02789331502,20.3125,0.02328261773,20.3125,0.03492571915,20.3125,0.007857463627,
5.652329749,0.6035885093,20.41015625,0.03033863191,20.41015625,0.02279567536,20.41015625,0.0346300281,20.41015625,0.007033061569,
5.679374389,0.6017645029,20.5078125,0.03245463495,20.5078125,0.02248823255,20.5078125,0.03417751451,20.5078125,0.00640922885,
5.706419029,0.5999415653,20.60546875,0.03410489771,20.60546875,0.02227317548,20.60546875,0.03349211079,20.60546875,0.006045179029,
5.733463669,0.5981197023,20.703125,0.03517271304,20.703125,0.02205671401,20.703125,0.03250373066,20.703125,0.005957038283,
5.760508309,0.5962989197,20.80078125,0.03556773168,20.80078125,0.02175018452,20.80078125,0.03115559066,20.80078125,0.006098040307,
5.787552949,0.5944792233,20.8984375,0.03523187255,20.8984375,0.02127872518,20.8984375,0.02941029251,20.8984375,0.006376571322,
5.814597589,0.592660619,20.99609375,0.01018776039,20.99609375,0.006142450461,20.99609375,0.00813200879,20.99609375,0.001997304067,
5.841642229,0.5908431125,21.09375,0.009502784113,21.09375,0.005773207478,21.09375,0.007261683235,21.09375,0.002049312699,
5.868686869,0.5890267099,21.19140625,0.008641822677,21.19140625,0.005334978997,21.19140625,0.00631226983,21.19140625,0.002072853457,
5.895731509,0.5872114168,21.2890625,0.00764700402,21.2890625,0.004833689704,21.2890625,0.005310814567,21.2890625,0.002063321478,
5.922776149,0.5853972392,21.38671875,0.006575144341,21.38671875,0.004280591215,21.38671875,0.004295007753,21.38671875,0.002024337212,
5.949820789,0.583584183,21.484375,0.005501406551,21.484375,0.003691284958,21.484375,0.00331877254,21.484375,0.001966524999,
5.976865428,0.581772254,21.58203125,0.004526422731,21.58203125,0.003084776805,21.58203125,0.002468633802,21.58203125,0.001905829168,
6.003910068,0.5799614583,21.6796875,0.003781771143,21.6796875,0.002482740295,21.6796875,0.001896626924,21.6796875,0.001860574256,
6.030954708,0.5781518016,21.77734375,0.003401367101,21.77734375,0.001909376098,21.77734375,0.001782153824,21.77734375,0.00184671039,
6.057999348,0.57634329,21.875,0.003417931469,21.875,0.001392868271,21.875,0.002069975482,21.875,0.001872258705,
6.085043988,0.5745359294,21.97265625,0.003700781803,21.97265625,0.0009708882979,21.97265625,0.002503308093,21.97265625,0.001934021689,
6.112088628,0.5727297258,22.0703125,0.004063528091,22.0703125,0.0007003933588,22.0703125,0.002907785229,22.0703125,0.002018956321,
6.139133268,0.5709246851,22.16796875,0.004367806312,22.16796875,0.000628397752,22.16796875,0.003205205465,22.16796875,0.002108924589,
6.166177908,0.5691208134,22.265625,0.004533945524,22.265625,0.0006880173528,22.265625,0.003363081867,22.265625,0.002185531178,
6.193222548,0.5673181166,22.36328125,0.004522771951,22.36328125,0.0007604659828,22.36328125,0.003371706323,22.36328125,0.002233191791,
6.220267188,0.5655166007,22.4609375,0.004321560743,22.4609375,0.0007841033326,22.4609375,0.003235785469,22.4609375,0.002240493437,
6.247311828,0.5637162718,22.55859375,0.003936090293,22.55859375,0.0007396243307,22.55859375,0.002971366905,22.55859375,0.002200537356,
6.274356468,0.561917136,22.65625,0.003386026079,22.65625,0.0006263912134,22.65625,0.002605225393,22.65625,0.002110790969,
6.301401108,0.5601191992,22.75390625,0.002701967658,22.75390625,0.0004536768896,22.75390625,0.00217683202,22.75390625,0.001972708032,
6.328445748,0.5583224676,22.8515625,0.001924061724,22.8515625,0.0002423903283,22.8515625,0.001745484142,22.8515625,0.00179121903,
6.355490388,0.5565269473,22.94921875,0.001107182964,22.94921875,0.0001283334092,22.94921875,0.001405565389,22.94921875,0.001574130421,
6.382535028,0.5547326442,23.046875,0.0004233335516,23.046875,0.0003459074188,23.046875,0.001282558185,23.046875,0.001331455089,
6.409579668,0.5529395647,23.14453125,0.0007566686804,23.14453125,0.0006108102854,23.14453125,0.001419932741,23.14453125,0.001074699887,
6.436624308,0.5511477147,23.2421875,0.001461046278,23.2421875,0.0008623650417,23.2421875,0.001706117991,23.2421875,0.0008161518749,
6.463668948,0.5493571004,23.33984375,0.002093644479,23.33984375,0.001080526687,23.33984375,0.002013744969,23.33984375,0.0005682541591,
6.490713587,0.547567728,23.4375,0.00259518584,23.4375,0.001250730202,23.4375,0.002267551923,23.4375,0.0003434156944,
6.517758227,0.5457796037,23.53515625,0.002937540222,23.53515625,0.001362048422,23.53515625,0.002427888796,23.53515625,0.0001570041507,
6.544802867,0.5439927336,23.6328125,0.003105246786,23.6328125,0.001407250664,23.6328125,0.002474817392,23.6328125,7.640662787e-05,
6.571847507,0.5422071239,23.73046875,0.003093545295,23.73046875,0.001383000024,23.73046875,0.002401198771,23.73046875,0.0001518059813,
6.598892147,0.5404227809,23.828125,0.002908098892,23.828125,0.001289940355,23.828125,0.002209870713,23.828125,0.0002123342413,
6.625936787,0.5386397108,23.92578125,0.002565063642,23.92578125,0.001132636804,23.92578125,0.001912567272,23.92578125,0.000231954909,
6.652981427,0.5368579198,24.0234375,0.002092071887,24.0234375,0.0009194306755,24.0234375,0.001530416182,24.0234375,0.0002146030223,
6.680026067,0.5350774142,24.12109375,0.001533740341,24.12109375,0.0006625339234,24.12109375,0.001099274534,24.12109375,0.0001782806884,
6.707070707,0.5332982002,24.21875,0.0009824997042,24.21875,0.0003806747138,24.21875,0.0007003561244,24.21875,0.0001700787956,
6.734115347,0.5315202843,24.31640625,0.0007300398268,24.31640625,0.0001469797817,24.31640625,0.0005798114295,24.31640625,0.0002378548466,
6.761159987,0.5297436726,24.4140625,0.001079805008,24.4140625,0.0003044192057,24.4140625,0.0008817869915,24.4140625,0.0003580023821,
6.788204627,0.5279683715,24.51171875,0.001657605229,24.51171875,0.0005851468201,24.51171875,0.001313626637,24.51171875,0.0004963641165,
6.815249267,0.5261943873,24.609375,0.002227295242,24.609375,0.0008479966572,24.609375,0.001729005264,24.609375,0.0006332166082,
6.842293907,0.5244217264,24.70703125,0.00271219773,24.70703125,0.001070439008,24.70703125,0.002077408853,24.70703125,0.0007550068118,
6.869338547,0.5226503952,24.8046875,0.003073378725,24.8046875,0.001239428968,24.8046875,0.002332278422,24.8046875,0.0008511662723,
6.896383187,0.5208804001,24.90234375,0.003287129819,24.90234375,0.001346007828,24.90234375,0.002477554396,24.90234375,0.0009135038762,
6.923427827,0.5191117474,25,0.003340645977,25,0.00138488054,25,0.002504899168,25,0.0009362603936,
6.950472467,0.5173444436,25.09765625,0.003231064671,25.09765625,0.00135448121,25.09765625,0.002412984414,25.09765625,0.0009162939903,
6.977517107,0.5155784951,25.1953125,0.002965191597,25.1953125,0.001257029244,25.1953125,0.002207166795,25.1953125,0.0008532528911,
7.004561746,0.5138139084,25.29296875,0.002559486889,25.29296875,0.001098531326,25.29296875,0.001899208155,25.29296875,0.0007497395873,
7.031606386,0.5120506899,25.390625,0.002040975523,25.390625,0.0008889056273,25.390625,0.001507225788,25.390625,0.0006116597571,
7.058651026,0.5102888463,25.48828125,0.001452871053,25.48828125,0.0006431041721,25.48828125,0.001057283814,25.48828125,0.0004496653899,
7.085695666,0.5085283838,25.5859375,0.0008888906044,25.5859375,0.0003888851456,25.5859375,0.0005972493506,25.5859375,0.0002869629623,
7.112740306,0.5067693092,25.68359375,0.0006746260197,25.68359375,0.0002308848783,25.68359375,0.0003437513875,25.68359375,0.0002021107956,
7.139784946,0.5050116289,25.78125,0.001075532017,25.78125,0.0003691222873,25.78125,0.0006531733232,25.78125,0.0002973503216,
7.166829586,0.5032553495,25.87890625,0.001654480174,25.87890625,0.0006163248069,25.87890625,0.001094717952,25.87890625,0.000466428793,
7.193874226,0.5015004775,25.9765625,0.002205511465,25.9765625,0.0008554629921,25.9765625,0.001503463998,25.9765625,0.0006353703731,
7.220918866,0.4997470197,26.07421875,0.002664450436,26.07421875,0.001057678133,26.07421875,0.001840178899,26.07421875,0.0007809995329,
7.247963506,0.4979949825,26.171875,0.002997856879,26.171875,0.001208691486,26.171875,0.002083805869,26.171875,0.0008914091627,
7.275008146,0.4962443727,26.26953125,0.003185474347,26.26953125,0.001299648395,26.26953125,0.002221214505,26.26953125,0.0009589758628,
7.302052786,0.4944951968,26.3671875,0.003216980616,26.3671875,0.001325725747,26.3671875,0.002245733164,26.3671875,0.0009791333611,
7.329097426,0.4927474616,26.46484375,0.003091269466,26.46484375,0.001285886753,26.46484375,0.002156865432,26.46484375,0.000950153709,
7.356142066,0.4910011738,26.5625,0.002816200844,26.5625,0.001182813268,26.5625,0.001960082215,26.5625,0.0008730976025,
7.383186706,0.48925634,26.66015625,0.002408516178,26.66015625,0.001022867248,26.66015625,0.001666473271,26.66015625,0.0007517531592,
7.410231346,0.4875129671,26.7578125,0.001894549616,26.7578125,0.000816270193,26.7578125,0.001292300671,26.7578125,0.0005925880994,
7.437275986,0.4857710617,26.85546875,0.001315402708,26.85546875,0.0005786155731,26.85546875,0.0008589736996,26.85546875,0.0004051231571,
7.464320626,0.4840306306,26.953125,0.0007627798716,26.953125,0.0003413665193,26.953125,0.0003989212229,26.953125,0.0002065849309,
7.491365266,0.4822916806,27.05078125,0.0005960028579,27.05078125,0.0002291228721,27.05078125,0.0001975808169,27.05078125,0.0001113149247,
7.518409906,0.4805542186,27.1484375,0.001036693898,27.1484375,0.0003898078762,27.1484375,0.00062402189,27.1484375,0.0002835527136,
7.545454545,0.4788182513,27.24609375,0.001604806826,27.24609375,0.0006252710075,27.24609375,0.00106212535,27.24609375,0.0004835398513,
7.572499185,0.4770837857,27.34375,0.002130393864,27.34375,0.0008471793494,27.34375,0.001448112112,27.34375,0.0006649738686,
7.599543825,0.4753508286,27.44140625,0.002560811549,27.44140625,0.001031178051,27.44140625,0.001759219565,27.44140625,0.0008146845714,
7.626588465,0.4736193868,27.5390625,0.002867247167,27.5390625,0.001164501851,27.5390625,0.001979391478,27.5390625,0.0009239240914,
7.653633105,0.4718894674,27.63671875,0.003032146427,27.63671875,0.001239304764,27.63671875,0.002097906328,27.63671875,0.0009866355388,
7.680677745,0.4701610772,27.734375,0.003047041102,27.734375,0.001251578901,27.734375,0.002109494924,27.734375,0.0009993755828,
7.707722385,0.4684342232,27.83203125,0.002912114292,27.83203125,0.001200953724,27.83203125,0.002014466977,27.83203125,0.0009613961245,
7.734767025,0.4667089124,27.9296875,0.002636051171,27.9296875,0.001090634951,27.9296875,0.001818640532,27.9296875,0.0008746730198,
7.761811665,0.4649851517,28.02734375,0.002236054292,28.02734375,0.0009273966441,28.02734375,0.001533061884,28.02734375,0.0007438591574,
7.788856305,0.4632629483,28.125,0.001738846359,28.125,0.0007219206224,28.125,0.001173634962,28.125,0.000576256395,
7.815900945,0.4615423092,28.22265625,0.001187204524,28.22265625,0.0004911921455,28.22265625,0.0007613363507,28.22265625,0.0003823789569,
7.842945585,0.4598232414,28.3203125,0.000685033195,28.3203125,0.0002761561044,28.3203125,0.0003308080781,28.3203125,0.0001829715835,
7.869990225,0.4581057521,28.41796875,0.0006126392042,28.41796875,0.0002413544992,28.41796875,0.0002263059846,28.41796875,0.0001292106807,
7.897034865,0.4563898483,28.515625,0.001061994404,28.515625,0.0004350444254,28.515625,0.000636770412,28.515625,0.0003148614975,
7.924079505,0.4546755372,28.61328125,0.001599123162,28.61328125,0.0006641550625,28.61328125,0.001044079245,28.61328125,0.0005136684739,
7.951124145,0.4529628259,28.7109375,0.002088138572,28.7109375,0.0008725421106,28.7109375,0.001399335132,28.7109375,0.0006907482033,
7.978168785,0.4512517217,28.80859375,0.002482582592,28.80859375,0.001041198352,28.80859375,0.001681756353,28.80859375,0.000833890086,
8.005213425,0.4495422317,28.90625,0.002756259713,28.90625,0.001159122451,28.90625,0.001876669202,28.90625,0.000934873709,
8.032258065,0.4478343632,29.00390625,0.002893397364,29.00390625,0.001219527093,29.00390625,0.0019744819,29.00390625,0.0009881824907,
8.059302704,0.4461281235,29.1015625,0.002886862707,29.1015625,0.001219209103,29.1015625,0.001970802566,29.1015625,0.0009909530909,
8.086347344,0.4444235198,29.19921875,0.002737773813,29.19921875,0.001158440087,29.19921875,0.001866536526,29.19921875,0.0009430342473,
8.113391984,0.4427205595,29.296875,0.00245533251,29.296875,0.001040929309,29.296875,0.001667788879,29.296875,0.0008469838056,
8.140436624,0.4410192498,29.39453125,0.002056821474,29.39453125,0.0008738500249,29.39453125,0.00138556182,29.39453125,0.000707992298,
8.167481264,0.4393195982,29.4921875,0.001568673415,29.4921875,0.0006683254372,29.4921875,0.001035354207,29.4921875,0.000533847686,
8.194525904,0.437621612,29.58984375,0.001033920808,29.58984375,0.0004426448371,29.58984375,0.000637331556,29.58984375,0.0003356859506,
8.221570544,0.4359252987,29.6875,0.0005698393619,29.6875,0.0002465290618,29.6875,0.0002275960292,29.6875,0.0001394490389,
8.248615184,0.4342306656,29.78515625,0.0006032743964,29.78515625,0.0002583752114,29.78515625,0.0002716340434,29.78515625,0.0001558246324,
8.275659824,0.4325377203,29.8828125,0.001078686006,29.8828125,0.0004590609136,29.8828125,0.0006786734304,29.8828125,0.0003552798913,
8.302704464,0.4308464702,29.98046875,0.001596221529,29.98046875,0.0006795209189,29.98046875,0.001061813158,29.98046875,0.0005518562519,
8.329749104,0.4291569229,30.078125,0.002055707556,30.078125,0.0008760707274,30.078125,0.001390786307,30.078125,0.0007231802654,
8.356793744,0.4274690858,30.17578125,0.002418882811,30.17578125,0.001032043276,30.17578125,0.001647625995,30.17578125,0.000858580465,
8.383838384,0.4257829667,30.2734375,0.002662959587,30.2734375,0.001137502666,30.2734375,0.001819219824,30.2734375,0.0009505550709,
8.410883024,0.424098573,30.37109375,0.002774288078,30.37109375,0.001186444274,30.37109375,0.001897157743,30.37109375,0.0009941856563,
8.437927664,0.4224159124,30.46875,0.002747263526,30.46875,0.001176316203,30.46875,0.001877966334,30.46875,0.0009871808478,
8.464972304,0.4207349926,30.56640625,0.002584103914,30.56640625,0.001107933018,30.56640625,0.001763212698,30.56640625,0.0009299377356,
8.492016944,0.4190558212,30.6640625,0.002294735271,30.6640625,0.0009854460453,30.6640625,0.001559395906,30.6640625,0.0008255217884,
8.519061584,0.417378406,30.76171875,0.001896859659,30.76171875,0.0008164099605,30.76171875,0.001277637408,30.76171875,0.000679573228,
8.546106224,0.4157027547,30.859375,0.001417339574,30.859375,0.0006124712681,30.859375,0.000933293743,30.859375,0.0005002807654,
8.573150863,0.4140288751,30.95703125,0.0009017865974,30.95703125,0.0003937949765,30.95703125,0.0005462961754,30.95703125,0.0002993856647,
8.600195503,0.412356775,31.0546875,0.0004936200807,31.0546875,0.0002229175962,31.0546875,0.000159812544,31.0546875,0.0001105859528,
8.627240143,0.4106864622,31.15234375,0.0006357110194,31.15234375,0.0002806887594,31.15234375,0.0003189676604,31.15234375,0.0001829816201,
8.654284783,0.4090179446,31.25,0.001118245675,31.25,0.0004846303263,31.25,0.0007110801768,31.25,0.0003856983748,
8.681329423,0.40735123,31.34765625,0.001612726989,31.34765625,0.0006963300359,31.34765625,0.001072438147,31.34765625,0.0005782654794,
8.708374063,0.4056863265,31.4453125,0.002043024379,31.4453125,0.0008815129326,31.4453125,0.001378650707,31.4453125,0.0007432875192,
8.735418703,0.4040232419,31.54296875,0.002376196665,31.54296875,0.001025470617,31.54296875,0.001613364189,31.54296875,0.0008709981539,
8.762463343,0.4023619843,31.640625,0.00259196005,31.640625,0.001119218077,31.640625,0.001764660929,31.640625,0.0009544706251,
8.789507983,0.4007025617,31.73828125,0.002678398567,31.73828125,0.001157459608,31.73828125,0.001825138861,31.73828125,0.0009893147056,
8.816552623,0.3990449821,31.8359375,0.002631241637,31.8359375,0.001138235315,31.8359375,0.001792152332,31.8359375,0.0009737504364,
8.843597263,0.3973892536,31.93359375,0.002453715328,31.93359375,0.001062856172,31.93359375,0.001667892966,31.93359375,0.0009086588004,
8.870641903,0.3957353843,32.03125,0.002156448161,32.03125,0.0009358860981,32.03125,0.001459258299,32.03125,0.0007975435839,
8.897686543,0.3940833825,32.12890625,0.001757605115,32.12890625,0.0007652627164,32.12890625,0.001177527517,32.12890625,0.0006464253083,
8.924731183,0.3924332562,32.2265625,0.001284647308,32.2265625,0.0005632484767,32.2265625,0.0008379791323,32.2265625,0.0004638414253,
8.951775823,0.3907850137,32.32421875,0.0007867555554,32.32421875,0.0003524724952,32.32421875,0.0004604255919,32.32421875,0.0002622540498,
8.978820463,0.3891386633,32.421875,0.0004423290716,32.421875,0.0002108555551,32.421875,0.0001053129716,32.421875,8.983480295e-05,
9.005865103,0.3874942133,32.51953125,0.0006755884823,32.51953125,0.0003043792674,32.51953125,0.0003680337218,32.51953125,0.0002119221751,
9.032909743,0.3858516719,32.6171875,0.001157070476,32.6171875,0.0005075329344,32.6171875,0.0007450729581,32.6171875,0.0004139939895,
9.059954383,0.3842110476,32.71484375,0.001629628137,32.71484375,0.0007103558022,32.71484375,0.001086748369,32.71484375,0.0006012261998,
9.086999022,0.3825723487,32.8125,0.002033245935,32.8125,0.0008847095478,32.8125,0.001372345809,32.8125,0.0007591570561,
9.114043662,0.3809355837,32.91015625,0.00233902458,32.91015625,0.001017367151,32.91015625,0.001586873523,32.91015625,0.0008787481425,
9.141088302,0.379300761,33.0078125,0.002528805929,33.0078125,0.001100155983,33.0078125,0.001719485989,33.0078125,0.0009536005145,
9.168132942,0.3776678893,33.10546875,0.002592232606,33.10546875,0.001128418506,33.10546875,0.001763706453,33.10546875,0.0009798189866,
9.195177582,0.3760369769,33.203125,0.002526273252,33.203125,0.00110073943,33.203125,0.001717663606,33.203125,0.0009560985845,
9.222222222,0.3744080325,33.30078125,0.002335119363,33.30078125,0.001018893459,33.30078125,0.00158414815,33.30078125,0.0008837621688,
9.249266862,0.3727810648,33.3984375,0.002030108683,33.3984375,0.000887840867,33.3984375,0.001370458825,33.3984375,0.00076670618,
9.276311502,0.3711560823,33.49609375,0.001629946156,33.49609375,0.0007159179009,33.49609375,0.001088064946,33.49609375,0.0006112878681,
9.303356142,0.3695330938,33.59375,0.001162973937,33.59375,0.0005161345156,33.59375,0.0007522394767,33.59375,0.0004263747198,
9.330400782,0.3679121081,33.69140625,0.000683709437,33.69140625,0.0003144685388,33.69140625,0.0003829312439,33.69140625,0.0002254063865,
9.357445422,0.3662931339,33.7890625,0.0004167204086,33.7890625,0.0002070436482,33.7890625,8.709297168e-05,33.7890625,8.282081099e-05,
9.384490062,0.3646761801,33.88671875,0.0007228629598,33.88671875,0.0003292911343,33.88671875,0.0004158140104,33.88671875,0.0002416448082,
9.411534702,0.3630612554,33.984375,0.00119812355,33.984375,0.0005301691197,33.984375,0.0007779541339,33.984375,0.0004410152639,
9.438579342,0.361448369,34.08203125,0.00164951071,34.08203125,0.000724418441,34.08203125,0.001101660996,34.08203125,0.0006222315032,
9.465623982,0.3598375295,34.1796875,0.002028174487,34.1796875,0.0008884925922,34.1796875,0.001368452086,34.1796875,0.0007727051404,
9.492668622,0.3582287462,34.27734375,0.00230839294,34.27734375,0.001010438384,34.27734375,0.001564465476,34.27734375,0.0008840204509,
9.519713262,0.356622028,34.375,0.002473845998,34.375,0.001082831089,34.375,0.001679816319,34.375,0.0009502758204,
9.546757902,0.355017384,34.47265625,0.002515589515,34.47265625,0.001101612851,34.47265625,0.001708880474,34.47265625,0.0009680488675,
9.573802542,0.3534148233,34.5703125,0.00243174676,34.5703125,0.001065884619,34.5703125,0.00165051374,34.5703125,0.0009364852703,
9.600847181,0.3518143552,34.66796875,0.002227431906,34.66796875,0.0009778654662,34.66796875,0.001508081348,34.66796875,0.0008573221018,
9.627891821,0.3502159887,34.765625,0.001914690817,34.765625,0.0008429059987,34.765625,0.001289280688,34.765625,0.0007348190227,
9.654936461,0.3486197333,34.86328125,0.001512833508,34.86328125,0.0006697668091,34.86328125,0.001005790901,34.86328125,0.0005756438273,
9.681981101,0.3470255982,34.9609375,0.001051384023,34.9609375,0.0004723657131,34.9609375,0.0006729290168,34.9609375,0.0003889970398,
9.709025741,0.3454335927,35.05859375,0.0005925603026,35.05859375,0.0002811394985,35.05859375,0.0003110591718,35.05859375,0.0001897255236,
9.736070381,0.3438437263,35.15625,0.0004152004539,35.15625,0.0002110127162,35.15625,0.0001117749865,35.15625,9.140546186e-05,
9.763115021,0.3422560084,35.25390625,0.0007736739764,35.25390625,0.0003542520459,35.25390625,0.0004623693741,35.25390625,0.0002711694703,
9.790159661,0.3406704486,35.3515625,0.001239671623,35.3515625,0.0005518081859,35.3515625,0.0008103560184,35.3515625,0.0004667610693,
9.817204301,0.3390870564,35.44921875,0.00167078821,35.44921875,0.0007378225701,35.44921875,0.001117507106,35.44921875,0.000641653179,
9.844248941,0.3375058414,35.546875,0.002026050681,35.546875,0.0008921669487,35.546875,0.001366924144,35.546875,0.0007845609354,
9.871293581,0.3359268133,35.64453125,0.002282313351,35.64453125,0.001003979106,35.64453125,0.001545735895,35.64453125,0.0008876252876,
9.898338221,0.3343499817,35.7421875,0.00242488134,35.7421875,0.001066522013,35.7421875,0.001644939055,35.7421875,0.0009454192596,
9.925382861,0.3327753565,35.83984375,0.002446111211,35.83984375,0.001076303074,35.83984375,0.001659706257,35.83984375,0.0009549753403,
9.952427501,0.3312029475,35.9375,0.002345213843,35.9375,0.001032915784,35.9375,0.001589582503,35.9375,0.0009158707477,
9.979472141,0.3296327644,36.03515625,0.002128192817,36.03515625,0.0009390093327,36.03515625,0.001438487015,36.03515625,0.0008302360883,
10.00651678,0.3280648174,36.1328125,0.001807806207,36.1328125,0.0008003249818,36.1328125,0.001214512927,36.1328125,0.000702673641,
10.03356142,0.3264991163,36.23046875,0.001404044547,36.23046875,0.0006260866002,36.23046875,0.0009295652724,36.23046875,0.0005401468248,
10.06060606,0.3249356711,36.328125,0.0009480006371,36.328125,0.0004313405284,36.328125,0.0005990532529,36.328125,0.0003522155586,
10.0876507,0.3233744921,36.42578125,0.0005130810161,36.42578125,0.0002525124759,36.42578125,0.0002442236691,36.42578125,0.0001559107624,
10.11469534,0.3218155893,36.5234375,0.0004339759952,36.5234375,0.0002213881735,36.5234375,0.0001563710204,36.5234375,0.0001110007932,
10.14173998,0.3202589729,36.62109375,0.0008266567954,36.62109375,0.0003792784748,36.62109375,0.0005075681101,36.62109375,0.0003001302031,
10.16878462,0.3187046532,36.71875,0.001281654938,36.71875,0.0005728703462,36.71875,0.0008422115987,36.71875,0.0004913224553,
10.19582926,0.3171526406,36.81640625,0.00169335683,36.81640625,0.0007509552684,36.81640625,0.001133989684,36.81640625,0.00065974833,
10.2228739,0.3156029455,36.9140625,0.002026521565,36.9140625,0.0008960320887,36.9140625,0.001367217105,36.9140625,0.0007950903738,
10.24991854,0.3140555782,37.01171875,0.002260154414,37.01171875,0.0009981910837,37.01171875,0.001529911308,37.01171875,0.0008899981387,
10.27696318,0.3125105494,37.109375,0.0023810238,37.109375,0.001051333446,37.109375,0.001613887602,37.109375,0.0009394997195,
10.30400782,0.3109678696,37.20703125,0.00238269769,37.20703125,0.00105250297,37.20703125,0.001615069765,37.20703125,0.0009410665762,
10.33105246,0.3094275494,37.3046875,0.002265420621,37.3046875,0.001001766303,37.3046875,0.001533660604,37.3046875,0.0008946913195,
10.3580971,0.3078895996,37.40234375,0.00203605997,37.40234375,0.0009021924708,37.40234375,0.001374116038,37.40234375,0.0008028816398,
10.38514174,0.3063540309,37.5,0.001708095523,37.5,0.0007599186988,37.5,0.001144922224,37.5,0.0006705674128,
10.41218638,0.3048208543,37.59765625,0.001302288245,37.59765625,0.0005846840245,37.59765625,0.0008582237661,37.59765625,0.0005050008639,
10.43923102,0.3032900806,37.6953125,0.0008518100103,37.6953125,0.000392957566,37.6953125,0.0005295710251,37.6953125,0.000316154432,
10.46627566,0.3017617207,37.79296875,0.0004463739758,37.79296875,0.0002291479516,37.79296875,0.0001819923971,37.79296875,0.0001247219124,
10.4933203,0.3002357859,37.890625,0.0004679356984,37.890625,0.0002366761084,37.890625,0.0002060520765,37.890625,0.0001361870061,
10.52036494,0.2987122871,37.98828125,0.0008808373344,37.98828125,0.0004042498785,37.98828125,0.0005515701565,37.98828125,0.0003284960798,
10.54740958,0.2971912357,38.0859375,0.001323899129,38.0859375,0.000593475586,38.0859375,0.000873654823,38.0859375,0.0005149308888,
10.57445422,0.2956726428,38.18359375,0.00171699389,38.18359375,0.0007639144121,38.18359375,0.001151052347,38.18359375,0.0006768398944,
10.60149886,0.2941565198,38.28125,0.002029179246,38.28125,0.0009001284709,38.28125,0.00136907094,38.28125,0.0008046682729,
10.6285435,0.2926428783,38.37890625,0.002241301324,38.37890625,0.0009930503232,38.37890625,0.001516541278,38.37890625,0.0008915387276,
10.65558814,0.2911317296,38.4765625,0.002341466116,38.4765625,0.001037177568,38.4765625,0.001586047089,38.4765625,0.0009329178538,
10.68263278,0.2896230854,38.57421875,0.002324381555,38.57421875,0.001030065957,38.57421875,0.001574226055,38.57421875,0.0009267022942,
10.70967742,0.2881169573,38.671875,0.002191282814,38.671875,0.0009722396046,38.671875,0.001481912988,38.671875,0.0008732865164,
10.73672206,0.2866133571,38.76953125,0.001949882808,38.76953125,0.0008671808009,38.76953125,0.001314086373,38.76953125,0.0007755422159,
10.7637667,0.2851122966,38.8671875,0.001614399635,38.8671875,0.0007214335232,38.8671875,0.001079623586,38.8671875,0.0006387161721,
10.79081134,0.2836137877,38.96484375,0.001206476976,38.96484375,0.0005453208619,38.96484375,0.0007909218996,38.96484375,0.0004703496953,
10.81785598,0.2821178425,39.0625,0.0007620659799,39.0625,0.0003571335324,39.0625,0.0004637299505,39.0625,0.0002809167411,
10.84490062,0.2806244731,39.16015625,0.0003945376731,39.16015625,0.0002117211731,39.16015625,0.0001250113626,39.16015625,9.775627224e-05,
10.87194526,0.2791336915,39.2578125,0.000512346922,39.2578125,0.0002555649914,39.2578125,0.0002565430747,39.2578125,0.0001638694824,
10.8989899,0.2776455102,39.35546875,0.0009357153542,39.35546875,0.0004291516424,39.35546875,0.0005945566236,39.35546875,0.0003562732777,
10.92603454,0.2761599414,39.453125,0.001366388667,39.453125,0.000613760823,39.453125,0.0009047996675,39.453125,0.0005377507642,
10.95307918,0.2746769976,39.55078125,0.001741615692,39.55078125,0.0007768063776,39.55078125,0.001168655203,39.55078125,0.0006931491927,
10.98012382,0.2731966914,39.6484375,0.00203377725,39.6484375,0.0009045053862,39.6484375,0.001372284161,39.6484375,0.0008135453187,
11.00716846,0.2717190354,39.74609375,0.002225329768,39.74609375,0.0009885443029,39.74609375,0.001505272381,39.74609375,0.0008925079639,
11.0342131,0.2702440423,39.84375,0.002305617884,39.84375,0.001023981783,39.84375,0.001560931327,39.84375,0.0009259281424,
11.06125774,0.2687717251,39.94140625,0.002270432133,39.94140625,0.001008864951,39.94140625,0.001536582071,39.94140625,0.0009121158244,
11.08830238,0.2673020967,40.0390625,0.002121964497,40.0390625,0.0009441629314,40.0390625,0.001433670392,40.0390625,0.00085185606,
11.11534702,0.26583517,40.13671875,0.001868762079,40.13671875,0.000833768148,40.13671875,0.001257686177,40.13671875,0.0007483742591,
11.14239166,0.2643709584,40.234375,0.001525806351,40.234375,0.0006846480534,40.234375,0.001017897506,40.234375,0.0006072270496,
11.1694363,0.262909475,40.33203125,0.001115767646,40.33203125,0.0005078004071,40.33203125,0.0007269680389,40.33203125,0.0004362523773,
11.19648094,0.2614507333,40.4296875,0.0006783652387,40.4296875,0.0003238818054,40.4296875,0.0004009190987,40.4296875,0.0002465695384,
11.22352558,0.2599947467,40.52734375,0.0003604280249,40.52734375,0.0002008939908,40.52734375,7.749755874e-05,40.52734375,7.834616592e-05,
11.25057022,0.2585415289,40.625,0.0005636467435,40.625,0.0002770297249,40.625,0.0003066723618,40.625,0.0001926080524,
11.27761486,0.2570910936,40.72265625,0.0009910366668,40.72265625,0.0004539993648,40.72265625,0.0006367332677,40.72265625,0.0003835102002,
11.3046595,0.2556434545,40.8203125,0.001409160267,40.8203125,0.0006338413176,40.8203125,0.0009357745852,40.8203125,0.0005599244112,
11.33170414,0.2541986258,40.91796875,0.001767185484,40.91796875,0.0007897172123,40.91796875,0.001186798536,40.91796875,0.0007088496504,
11.35874878,0.2527566215,41.015625,0.00204013841,41.015625,0.0009091984662,41.015625,0.001376723458,41.015625,0.0008219066847,
11.38579342,0.2513174558,41.11328125,0.002211911179,41.11328125,0.0009846541547,41.11328125,0.001495844679,41.11328125,0.0008930892621,
11.41283806,0.249881143,41.2109375,0.00227300848,41.2109375,0.001011674271,41.2109375,0.001538168237,41.2109375,0.0009187008235,
11.4398827,0.2484476977,41.30859375,0.002220257518,41.30859375,0.0009887802264,41.30859375,0.001501673684,41.30859375,0.0008974545474,
11.46692734,0.2470171344,41.40625,0.002056781226,41.40625,0.0009173767187,41.40625,0.001388400895,41.40625,0.0008305167576,
11.49397198,0.245589468,41.50390625,0.001791956278,41.50390625,0.0008017666201,41.50390625,0.001204342776,41.50390625,0.0007214586468,
11.52101662,0.2441647133,41.6015625,0.001441562854,41.6015625,0.0006493644702,41.6015625,0.0009591591631,41.6015625,0.0005761428652,
11.54806126,0.2427428854,41.69921875,0.001029486371,41.69921875,0.0004719620095,41.69921875,0.0006657956229,41.69921875,0.0004027198194,
11.5751059,0.2413239994,41.796875,0.0006006468201,41.796875,0.0002933287986,41.796875,0.0003406540366,41.796875,0.0002131881123,
11.60215054,0.2399080707,41.89453125,0.000346516045,41.89453125,0.0001970549431,41.89453125,5.831221202e-05,41.89453125,7.175549343e-05,
11.62919518,0.2384951148,41.9921875,0.0006194562375,41.9921875,0.0003003371202,41.9921875,0.0003561636951,41.9921875,0.0002217469521,
11.65623982,0.2370851474,42.08984375,0.001046709646,42.08984375,0.0004788306974,42.08984375,0.0006783060022,42.08984375,0.0004102735668,
11.68328446,0.2356781842,42.1875,0.001452293448,42.1875,0.0006538198938,42.1875,0.000966709411,42.1875,0.0005815747629,
11.7103291,0.2342742413,42.28515625,0.001793707929,42.28515625,0.0008027217636,42.28515625,0.001205504236,42.28515625,0.0007240792537,
11.73737374,0.2328733348,42.3828125,0.002048143688,42.3828125,0.0009142374263,42.3828125,0.001382298488,42.3828125,0.0008298912258,
11.76441838,0.231475481,42.48046875,0.002200794428,42.48046875,0.0009813608811,42.48046875,0.001488060501,42.48046875,0.0008934124937,
11.79146302,0.2300806964,42.578125,0.002243262213,42.578125,0.001000188656,42.578125,0.001517463837,42.578125,0.000911348792,
11.81850766,0.2286889978,42.67578125,0.002173374513,42.67578125,0.0009697025501,42.67578125,0.001469126415,42.67578125,0.000882808006,
11.8455523,0.227300402,42.7734375,0.001995166482,42.7734375,0.0008917362675,42.7734375,0.001345669039,42.7734375,0.0008093302005,
11.87259694,0.225914926,42.87109375,0.001718846556,42.87109375,0.0007710070266,42.87109375,0.001153581903,42.87109375,0.0006948265217,
11.89964158,0.2245325872,42.96875,0.001361041636,42.96875,0.0006154083186,42.96875,0.0009029194374,42.96875,0.0005454649264,
11.92668622,0.2231534029,43.06640625,0.0009471035426,43.06640625,0.0004376836949,43.06640625,0.0006069278149,43.06640625,0.0003697345539,
11.95373086,0.221777391,43.1640625,0.0005292738043,43.1640625,0.0002657419244,43.1640625,0.0002825627488,43.1640625,0.0001809062353,
11.9807755,0.2204045692,43.26171875,0.0003531907093,43.26171875,0.0002000845737,43.26171875,8.479173571e-05,43.26171875,8.038183006e-05,
12.00782014,0.2190349558,43.359375,0.000678291309,43.359375,0.0003249903449,43.359375,0.0004050415908,43.359375,0.0002509908037,
12.03486478,0.2176685689,43.45703125,0.00110274547,43.45703125,0.0005036968906,43.45703125,0.0007194773735,43.45703125,0.0004366389835,
12.06190942,0.2163054273,43.5546875,0.001495895875,43.5546875,0.0006737898181,43.5546875,0.0009977357518,43.5546875,0.0006028100784,
12.08895406,0.2149455497,43.65234375,0.001821217141,43.65234375,0.0008158866399,43.65234375,0.001224811411,43.65234375,0.0007389507745,
12.1159987,0.2135889551,43.75,0.002057716913,43.75,0.0009196481167,43.75,0.001388952039,43.75,0.0008376055256,
12.14304334,0.212235663,43.84765625,0.002191786294,43.84765625,0.0009786463573,43.84765625,0.001481769595,43.84765625,0.0008935707117,
12.17008798,0.2108856928,43.9453125,0.002216074809,43.9453125,0.0009894639334,43.9453125,0.001498583257,43.9453125,0.0009039459233,
12.19713262,0.2095390645,44.04296875,0.002129381981,44.04296875,0.0009515320875,44.04296875,0.001438633383,44.04296875,0.0008682267773,
12.22417726,0.2081957982,44.140625,0.001936643035,44.140625,0.0008671097442,44.140625,0.001305111909,44.140625,0.0007883211918,
12.2512219,0.2068559142,44.23828125,0.001648907504,44.23828125,0.0007413362141,44.23828125,0.001105003139,44.23828125,0.0006684763862,
12.27826654,0.2055194333,44.3359375,0.001283713028,44.3359375,0.0005826259775,44.3359375,0.0008487609867,44.3359375,0.0005151681411,
12.30531118,0.2041863766,44.43359375,0.0008682191463,44.43359375,0.0004048847192,44.43359375,0.0005499559738,44.43359375,0.0003372648511,
12.33235582,0.2028567653,44.53125,0.000465177445,44.53125,0.0002415588394,44.53125,0.0002264080229,44.53125,0.0001500029352,
12.35940046,0.2015306212,44.62890625,0.0003780460894,44.62890625,0.0002093241194,44.62890625,0.0001301509459,44.62890625,9.987347361e-05,
12.3864451,0.2002079664,44.7265625,0.0007392728669,44.7265625,0.0003506675652,44.7265625,0.000453443826,44.7265625,0.000280216831,
12.41348974,0.198888823,44.82421875,0.001159223873,44.82421875,0.0005286590519,44.82421875,0.0007604457011,44.82421875,0.0004626851591,
12.44053438,0.1975732141,44.921875,0.001540096632,44.921875,0.0006938382761,44.921875,0.001028987193,44.921875,0.0006237266037,
12.46757902,0.1962611626,45.01953125,0.001849771008,45.01953125,0.0008292734826,45.01953125,0.001244773138,45.01953125,0.0007535579716,
12.49462366,0.1949526921,45.1171875,0.002068816256,45.1171875,0.0009254548594,45.1171875,0.001396652924,45.1171875,0.0008451325626,
12.5216683,0.1936478265,45.21484375,0.002184739426,45.21484375,0.0009764946423,45.21484375,0.001476858469,45.21484375,0.000893630541,
12.54871294,0.1923465903,45.3125,0.002191198113,45.3125,0.0009794447774,45.3125,0.001481337083,45.3125,0.000896538491,
12.57575758,0.1910490083,45.41015625,0.002087942907,45.41015625,0.0009341777663,45.41015625,0.001409939385,45.41015625,0.000853734243,
12.60280222,0.1897551057,45.5078125,0.001880803227,45.5078125,0.0008433767383,45.5078125,0.001266421768,45.5078125,0.0007674892334,
12.62984686,0.1884649085,45.60546875,0.001581686842,45.60546875,0.000712615109,45.60546875,0.001058261994,45.60546875,0.0006423847566,
12.6568915,0.1871784428,45.703125,0.001209126796,45.703125,0.0005508832091,45.703125,0.0007963207098,45.703125,0.0004852105428,
12.68393614,0.1858957356,45.80078125,0.0007925625559,45.80078125,0.0003735316475,45.80078125,0.0004945244394,45.80078125,0.0003052754329,
12.71098078,0.1846168142,45.8984375,0.0004100635499,45.8984375,0.0002214061622,45.8984375,0.0001721913686,45.8984375,0.0001210861535,
12.73802542,0.1833417068,45.99609375,0.0004170630787,45.99609375,0.0002237812101,45.99609375,0.0001799169522,45.99609375,0.0001249619814,
12.76507006,0.1820704418,46.09375,0.0008019149445,46.09375,0.0003771711837,46.09375,0.000501554463,46.09375,0.0003093897871,
12.7921147,0.1808030486,46.19140625,0.001216272532,46.19140625,0.0005537858172,46.19140625,0.0008014063416,46.19140625,0.0004884908898,
12.81915934,0.1795395572,46.2890625,0.001585042641,46.2890625,0.0007140488151,46.2890625,0.001060600392,46.2890625,0.0006444106316,
12.84620398,0.1782799983,46.38671875,0.001879447917,46.38671875,0.0008429411942,46.38671875,0.001265454876,46.38671875,0.0007679798682,
12.87324862,0.1770244034,46.484375,0.002081428644,46.484375,0.0009316819072,46.484375,0.001405391487,46.484375,0.0008525375218,
12.90029326,0.1757728046,46.58203125,0.002179543988,46.58203125,0.0009748925911,46.58203125,0.001473243177,46.58203125,0.0008936390444,
12.9273379,0.1745252353,46.6796875,0.002168429129,46.6796875,0.0009700813216,46.6796875,0.001465571808,46.6796875,0.0008891526388,
12.95438254,0.1732817295,46.77734375,0.002048771296,46.77734375,0.0009175563002,46.77734375,0.001382829522,46.77734375,0.0008393342335,
12.98142717,0.1720423223,46.875,0.001827294421,46.875,0.0008204266637,46.875,0.001229333465,46.875,0.0007468159419,
13.00847181,0.1708070496,46.97265625,0.001516790467,46.97265625,0.0006847168157,46.97265625,0.001013056735,46.97265625,0.0006165130242,
13.03551645,0.1695759489,47.0703125,0.001136899778,47.0703125,0.0005200642865,47.0703125,0.0007452767742,47.0703125,0.0004555395825,
13.06256109,0.1683490585,47.16796875,0.0007200077639,47.16796875,0.0003436485334,47.16796875,0.0004403204285,47.16796875,0.0002737376538,
13.08960573,0.1671264182,47.265625,0.000366593455,47.265625,0.000206076062,47.265625,0.0001205579592,47.265625,9.552088508e-05,
13.11665037,0.165908069,47.36328125,0.0004663181623,47.36328125,0.0002424106563,47.36328125,0.0002309499149,47.36328125,0.0001527613705,
13.14369501,0.1646940537,47.4609375,0.0008659865228,47.4609375,0.0004043908399,47.4609375,0.0005495783439,47.4609375,0.000338520974,
13.17073965,0.1634844165,47.55859375,0.001274055086,47.55859375,0.0005791521244,47.55859375,0.0008425539653,47.55859375,0.0005141334038,
13.19778429,0.1622792034,47.65625,0.001630897314,47.65625,0.0007345033049,47.65625,0.001092716711,47.65625,0.000664939997,
13.22482893,0.1610784626,47.75390625,0.001910345258,47.75390625,0.0008569476608,47.75390625,0.001286934003,47.75390625,0.0007822836641,
13.25187357,0.1598822442,47.8515625,0.002095566305,47.8515625,0.0009383545004,47.8515625,0.00141517686,47.8515625,0.000859871673,
13.27891821,0.1586906008,47.94921875,0.002176121925,47.94921875,0.0009738301799,47.94921875,0.001470864413,47.94921875,0.0008936282521,
13.30596285,0.1575035876,48.046875,0.002147602119,48.046875,0.0009613287691,48.046875,0.001451163044,48.046875,0.0008817992679,
13.33300749,0.1563212627,48.14453125,0.002011622472,48.14453125,0.0009015911501,48.14453125,0.001357120893,48.14453125,0.0008250159955,
13.36005213,0.1551436878,48.2421875,0.001775808064,48.2421875,0.0007981572109,48.2421875,0.001193615031,48.2421875,0.0007262698463,
13.38709677,0.1539709279,48.33984375,0.001453871341,48.33984375,0.0006575249282,48.33984375,0.000969118403,48.33984375,0.0005908119085,
13.41414141,0.1528030526,48.4375,0.001066708464,48.4375,0.0004900719519,48.4375,0.0006953387612,48.4375,0.0004260964942,
13.44118605,0.1516401363,48.53515625,0.0006506091646,48.53515625,0.0003153327644,48.53515625,0.0003870686992,48.53515625,0.0002426421514,
13.46823069,0.1504822592,48.6328125,0.0003382387822,48.6328125,0.000196415349,48.6328125,7.476659121e-05,48.6328125,7.63307915e-05,
13.49527533,0.1493295079,48.73046875,0.0005228405473,48.73046875,0.0002643076316,48.73046875,0.0002825251196,48.73046875,0.0001819728329,
13.52231997,0.1481819774,48.828125,0.000931425479,48.828125,0.0004322779097,48.828125,0.0005977317419,48.828125,0.0003676472501,
13.54936461,0.1470397718,48.92578125,0.001332764678,48.92578125,0.0006048387034,48.92578125,0.0008840854185,48.92578125,0.0005396873954,
13.57640925,0.1459030072,49.0234375,0.001677840778,49.0234375,0.0007552835777,49.0234375,0.00112548428,49.0234375,0.0006853850933,
13.60345389,0.1447718144,49.12109375,0.001942579245,49.12109375,0.0008713511459,49.12109375,0.001309300173,49.12109375,0.0007965266533,
13.63049853,0.1436463429,49.21875,0.002111264905,49.21875,0.0009454996746,49.21875,0.001426035489,49.21875,0.0008671748924,
13.65754317,0.1425267668,49.31640625,0.002174423138,49.31640625,0.0009733006668,49.31640625,0.001469684274,49.31640625,0.000893618081,
13.68458781,0.1414132945,49.4140625,0.002128582919,49.4140625,0.0009531469213,49.4140625,0.00143801068,49.4140625,0.0008744771679,
13.71163245,0.1403061829,49.51171875,0.001976285805,49.51171875,0.0008862114823,49.51171875,0.001332656409,49.51171875,0.0008107573605,
13.73867709,0.1392057637,49.609375,0.001726071342,49.609375,0.0007764728776,49.609375,0.001159060496,49.609375,0.0007058094481,
13.76572173,0.1381124952,49.70703125,0.001392621221,49.70703125,0.0006309320745,49.70703125,0.0009262030335,49.70703125,0.0005652243516,
13.79276637,0.1370270857,49.8046875,0.0009982862055,49.8046875,0.0004608284391,49.8046875,0.0006462400272,49.8046875,0.0003968196034,
13.81981101,0.1359477812,49.90234375,0.0005846674332,49.90234375,0.0002887783124,49.90234375,0.0003345323889,49.90234375,0.000212018699,
13.84685565,0.1348884755, , , , , , , , ,
13.87390029,0.1338328638, , , , , , , , ,
13.90094493,0.1327809752, , , , , , , , ,
13.92798957,0.1317328392, , , , , , , , ,
13.95503421,0.130688486, , , , , , , , ,
13.98207885,0.1296479468, , , , , , , , ,
14.00912349,0.1286112532, , , , , , , , ,
14.03616813,0.127578438, , , , , , , , ,
14.06321277,0.1265495346, , , , , , , , ,
14.09025741,0.1255245776, , , , , , , , ,
14.11730205,0.1245036023, , , , , , , , ,
14.14434669,0.1234866452, , , , , , , , ,
14.17139133,0.1224737439, , , , , , , , ,
14.19843597,0.1214649372, , , , , , , , ,
14.22548061,0.120460265, , , , , , , , ,
14.25252525,0.1194597689, , , , , , , , ,
14.27956989,0.1184634915, , , , , , , , ,
14.30661453,0.1174714774, , , , , , , , ,
14.33365917,0.1164837725, , , , , , , , ,
14.36070381,0.1155004248, , , , , , , , ,
14.38774845,0.1145214842, , , , , , , , ,
14.41479309,0.1135470027, , , , , , , , ,
14.44183773,0.1125770346, , , , , , , , ,
14.46888237,0.111611637, , , , , , , , ,
14.49592701,0.1106508696, , , , , , , , ,
14.52297165,0.1096947953, , , , , , , , ,
14.55001629,0.1087434806, , , , , , , , ,
14.57706093,0.1077969957, , , , , , , , ,
14.60410557,0.1068554153, , , , , , , , ,
14.63115021,0.1059188191, , , , , , , , ,
14.65819485,0.1049872922, , , , , , , , ,
14.68523949,0.1040609266, , , , , , , , ,
14.71228413,0.1031398213, , , , , , , , ,
14.73932877,0.1022240844, , , , , , , , ,
14.76637341,0.1013138343, , , , , , , , ,
14.79341805,0.1004092019, , , , , , , , ,
14.82046269,0.0995103333, , , , , , , , ,
14.84750733,0.09861739342, , , , , , , , ,
14.87455197,0.09773057111, , , , , , , , ,
14.90159661,0.09685008634, , , , , , , , ,
14.92864125,0.09597620094, , , , , , , , ,
14.95568589,0.09510923548, , , , , , , , ,
14.98273053,0.09424959766, , , , , , , , ,
15.00977517,0.093397835, , , , , , , , ,
15.03681981,0.09255474824, , , , , , , , ,
15.06386445,0.09172170571, , , , , , , , ,
15.09090909,0.09090249691, , , , , , , , ,
15.11795373,0.090099386, , , , , , , , ,
15.14499837,0.08929938937, , , , , , , , ,
15.17204301,0.0885025306, , , , , , , , ,
15.19908765,0.08770883378, , , , , , , , ,
15.22613229,0.08691832354, , , , , , , , ,
15.25317693,0.08613102502, , , , , , , , ,
15.28022157,0.08534696398, , , , , , , , ,
15.30726621,0.08456616672, , , , , , , , ,
15.33431085,0.08378866022, , , , , , , , ,
15.36135549,0.08301447207, , , , , , , , ,
15.38840013,0.08224363058, , , , , , , , ,
15.41544477,0.08147616478, , , , , , , , ,
15.44248941,0.08071210444, , , , , , , , ,
15.46953405,0.07995148015, , , , , , , , ,
15.49657869,0.07919432335, , , , , , , , ,
15.52362333,0.07844066637, , , , , , , , ,
15.55066797,0.07769054246, , , , , , , , ,
15.57771261,0.07694398591, , , , , , , , ,
15.60475725,0.07620103204, , , , , , , , ,
15.63180189,0.07546171733, , , , , , , , ,
15.65884653,0.07472607944, , , , , , , , ,
15.68589117,0.07399415731, , , , , , , , ,
15.71293581,0.07326599127, , , , , , , , ,
15.73998045,0.0725416231, , , , , , , , ,
15.76702509,0.07182109617, , , , , , , , ,
15.79406973,0.07110445554, , , , , , , , ,
15.82111437,0.07039174809, , , , , , , , ,
15.84815901,0.0696830227, , , , , , , , ,
15.87520365,0.06897833038, , , , , , , , ,
15.90224829,0.06827772447, , , , , , , , ,
15.92929293,0.06758126089, , , , , , , , ,
15.95633757,0.06688899833, , , , , , , , ,
15.98338221,0.06620099855, , , , , , , , ,
16.01042685,0.06551732672, , , , , , , , ,
16.03747149,0.06483805177, , , , , , , , ,
16.06451613,0.06416324682, , , , , , , , ,
16.09156077,0.06349298971, , , , , , , , ,
16.11860541,0.06282736358, , , , , , , , ,
16.14565005,0.06216645759, , , , , , , , ,
16.17269469,0.06151036781, , , , , , , , ,
16.19973933,0.06085919821, , , , , , , , ,
16.22678397,0.06021306202, , , , , , , , ,
16.25382861,0.05957208333, , , , , , , , ,
16.28087325,0.05893639911, , , , , , , , ,
16.30791789,0.0583061619, , , , , , , , ,
16.33496253,0.0576815433, , , , , , , , ,
16.36200717,0.05706273864, , , , , , , , ,
16.38905181,0.05644997362, , , , , , , , ,
16.41609645,0.05584351366, , , , , , , , ,
16.44314109,0.05524367813, , , , , , , , ,
16.47018573,0.05465086292, , , , , , , , ,
16.49723037,0.05406557905, , , , , , , , ,
16.52427501,0.05348852621, , , , , , , , ,
16.55131965,0.05292075704, , , , , , , , ,
16.57836429,0.05235287564, , , , , , , , ,
16.60540893,0.05182530768, , , , , , , , ,
16.63245357,0.05129995855, , , , , , , , ,
16.65949821,0.05077684411, , , , , , , , ,
16.68654285,0.05025598054, , , , , , , , ,
16.71358749,0.04973738431, , , , , , , , ,
16.74063213,0.04922107221, , , , , , , , ,
16.76767677,0.04870706136, , , , , , , , ,
16.79472141,0.04819536924, , , , , , , , ,
16.82176605,0.04768601367, , , , , , , , ,
16.84881069,0.04717901284, , , , , , , , ,
16.87585533,0.04667438535, , , , , , , , ,
16.90289997,0.04617215017, , , , , , , , ,
16.92994461,0.04567232671, , , , , , , , ,
16.95698925,0.0451749348, , , , , , , , ,
16.98403389,0.04467999474, , , , , , , , ,
17.01107853,0.04418752729, , , , , , , , ,
17.03812317,0.04369755373, , , , , , , , ,
17.06516781,0.04321009582, , , , , , , , ,
17.09221245,0.0427251759, , , , , , , , ,
17.11925709,0.04224281686, , , , , , , , ,
17.14630173,0.04176304218, , , , , , , , ,
17.17334637,0.04128587598, , , , , , , , ,
17.20039101,0.04081134303, , , , , , , , ,
17.22743565,0.04033946878, , , , , , , , ,
17.25448029,0.03987027943, , , , , , , , ,
17.28152493,0.03940380194, , , , , , , , ,
17.30856957,0.03894006406, , , , , , , , ,
17.33561421,0.03847909442, , , , , , , , ,
17.36265885,0.03802092254, , , , , , , , ,
17.38970349,0.03756557891, , , , , , , , ,
17.41674813,0.03711309504, , , , , , , , ,
17.44379277,0.03666350351, , , , , , , , ,
17.47083741,0.03621683807, , , , , , , , ,
17.49788205,0.03577313369, , , , , , , , ,
17.52492669,0.03533242666, , , , , , , , ,
17.55197133,0.03489475468, , , , , , , , ,
17.57901597,0.03446015695, , , , , , , , ,
17.60606061,0.03402867432, , , , , , , , ,
17.63310525,0.03360034936, , , , , , , , ,
17.66014989,0.03317522656, , , , , , , , ,
17.68719453,0.03275335246, , , , , , , , ,
17.71423917,0.03233477582, , , , , , , , ,
17.74128381,0.03191954783, , , , , , , , ,
17.76832845,0.03150772235, , , , , , , , ,
17.79537309,0.03109935614, , , , , , , , ,
17.82241773,0.03069450917, , , , , , , , ,
17.84946237,0.03029324497, , , , , , , , ,
17.87650701,0.02989563102, , , , , , , , ,
17.90355165,0.02950173919, , , , , , , , ,
17.93059629,0.02911164628, , , , , , , , ,
17.95764093,0.02872543467, , , , , , , , ,
17.98468557,0.02834319306, , , , , , , , ,
18.01173021,0.02796501741, , , , , , , , ,
18.03877485,0.02759101199, , , , , , , , ,
18.06581949,0.02722129078, , , , , , , , ,
18.09286413,0.02685597916, , , , , , , , ,
18.11990877,0.02649521602, , , , , , , , ,
18.14695341,0.02613915655, , , , , , , , ,
18.17399804,0.02578797586, , , , , , , , ,
18.20104268,0.0254418738, , , , , , , , ,
18.22808732,0.02510108171, , , , , , , , ,
18.25513196,0.02476587199, , , , , , , , ,
18.2821766,0.02443657243, , , , , , , , ,
18.30922124,0.02411358859, , , , , , , , ,
18.33626588,0.02379744166, , , , , , , , ,
18.36331052,0.02348883865, , , , , , , , ,
18.39035516,0.02318882326, , , , , , , , ,
18.4173998,0.02288186726, , , , , , , , ,
18.44444444,0.02262497692, , , , , , , , ,
18.47148908,0.02236916011, , , , , , , , ,
18.49853372,0.02211442361, , , , , , , , ,
18.52557836,0.02186077431, , , , , , , , ,
18.552623,0.02160821921, , , , , , , , ,
18.57966764,0.02135676543, , , , , , , , ,
18.60671228,0.0211064202, , , , , , , , ,
18.63375692,0.02085719085, , , , , , , , ,
18.66080156,0.02060908487, , , , , , , , ,
18.6878462,0.02036210984, , , , , , , , ,
18.71489084,0.02011627349, , , , , , , , ,
18.74193548,0.01987158369, , , , , , , , ,
18.76898012,0.01962804844, , , , , , , , ,
18.79602476,0.01938567588, , , , , , , , ,
18.8230694,0.01914447429, , , , , , , , ,
18.85011404,0.01890445214, , , , , , , , ,
18.87715868,0.01866561802, , , , , , , , ,
18.90420332,0.0184279807, , , , , , , , ,
18.93124796,0.01819154911, , , , , , , , ,
18.9582926,0.01795633238, , , , , , , , ,
18.98533724,0.0177223398, , , , , , , , ,
19.01238188,0.01748958086, , , , , , , , ,
19.03942652,0.01725806523, , , , , , , , ,
19.06647116,0.01702780281, , , , , , , , ,
19.0935158,0.01679880368, , , , , , , , ,
19.12056044,0.01657107817, , , , , , , , ,
19.14760508,0.01634463683, , , , , , , , ,
19.17464972,0.01611949043, , , , , , , , ,
19.20169436,0.01589565, , , , , , , , ,
19.228739,0.01567312685, , , , , , , , ,
19.25578364,0.01545193252, , , , , , , , ,
19.28282828,0.01523207886, , , , , , , , ,
19.30987292,0.01501357799, , , , , , , , ,
19.33691756,0.01479644238, , , , , , , , ,
19.3639622,0.01458068476, , , , , , , , ,
19.39100684,0.01436631826, , , , , , , , ,
19.41805148,0.01415335631, , , , , , , , ,
19.44509612,0.01394181274, , , , , , , , ,
19.47214076,0.01373170177, , , , , , , , ,
19.4991854,0.01352303801, , , , , , , , ,
19.52623004,0.01331583652, , , , , , , , ,
19.55327468,0.0131101128, , , , , , , , ,
19.58031932,0.01290588283, , , , , , , , ,
19.60736396,0.01270316311, , , , , , , , ,
19.6344086,0.01250197065, , , , , , , , ,
19.66145324,0.01230232305, , , , , , , , ,
19.68849788,0.01210423849, , , , , , , , ,
19.71554252,0.01190773581, , , , , , , , ,
19.74258716,0.01171283452, , , , , , , , ,
19.7696318,0.01151955483, , , , , , , , ,
19.79667644,0.01132791775, , , , , , , , ,
19.82372108,0.01113794512, , , , , , , , ,
19.85076572,0.01094965964, , , , , , , , ,
19.87781036,0.01076308496, , , , , , , , ,
19.904855,0.01057824578, , , , , , , , ,
19.93189964,0.01039516787, , , , , , , , ,
19.95894428,0.01021387821, , , , , , , , ,
19.98598892,0.01003440506, , , , , , , , ,
20.01303356,0.009856778082, , , , , , , , ,
20.0400782,0.009681028472, , , , , , , , ,
20.06712284,0.009507189092, , , , , , , , ,
20.09416748,0.00933529464, , , , , , , , ,
20.12121212,0.009165381831, , , , , , , , ,
20.14825676,0.008997489611, , , , , , , , ,
20.1753014,0.008831659406, , , , , , , , ,
20.20234604,0.008667935403, , , , , , , , ,
20.22939068,0.008506364891, , , , , , , , ,
20.25643532,0.008346998651, , , , , , , , ,
20.28347996,0.00818989143, , , , , , , , ,
20.3105246,0.008035102503, , , , , , , , ,
20.33756924,0.007882696357, , , , , , , , ,
20.36461388,0.00773274353, , , , , , , , ,
20.39165852,0.007585321654, , , , , , , , ,
20.41870316,0.007440516768, , , , , , , , ,
20.4457478,0.007298424996, , , , , , , , ,
20.47279244,0.00715915475, , , , , , , , ,
20.49983708,0.007022829657, , , , , , , , ,
20.52688172,0.006889592587, , , , , , , , ,
20.55392636,0.006759611347, , , , , , , , ,
20.580971,0.006633087073, , , , , , , , ,
20.60801564,0.006510267219, , , , , , , , ,
20.63506028,0.006391467016, , , , , , , , ,
20.66210492,0.006277108224, , , , , , , , ,
20.68914956,0.006167798917, , , , , , , , ,
20.7161942,0.006064537653, , , , , , , , ,
20.74323884,0.005968158261, , , , , , , , ,
20.77028348,0.005887904462, , , , , , , , ,
20.79732812,0.005807994154, , , , , , , , ,
20.82437276,0.005728429271, , , , , , , , ,
20.8514174,0.00564921177, , , , , , , , ,
20.87846204,0.005570343636, , , , , , , , ,
20.90550668,0.00549182688, , , , , , , , ,
20.93255132,0.005413663538, , , , , , , , ,
20.95959596,0.005335855678, , , , , , , , ,
20.9866406,0.005258405393, , , , , , , , ,
21.01368524,0.005181314805, , , , , , , , ,
21.04072988,0.005104586069, , , , , , , , ,
21.06777452,0.005028221368, , , , , , , , ,
21.09481916,0.004952222916, , , , , , , , ,
21.1218638,0.004876592961, , , , , , , , ,
21.14890844,0.004801333783, , , , , , , , ,
21.17595308,0.004726447697, , , , , , , , ,
21.20299772,0.00465193705, , , , , , , , ,
21.23004236,0.004577804228, , , , , , , , ,
21.257087,0.004504051652, , , , , , , , ,
21.28413164,0.00443068178, , , , , , , , ,
21.31117628,0.00435769711, , , , , , , , ,
21.33822092,0.00428510018, , , , , , , , ,
21.36526556,0.004212893567, , , , , , , , ,
21.3923102,0.004141079891, , , , , , , , ,
21.41935484,0.004069661816, , , , , , , , ,
21.44639948,0.00399864205, , , , , , , , ,
21.47344412,0.003928023347, , , , , , , , ,
21.50048876,0.003857808507, , , , , , , , ,
21.5275334,0.00378800038, , , , , , , , ,
21.55457804,0.003718601866, , , , , , , , ,
21.58162268,0.003649615916, , , , , , , , ,
21.60866732,0.003581045534, , , , , , , , ,
21.63571196,0.00351289378, , , , , , , , ,
21.6627566,0.003445163771, , , , , , , , ,
21.68980124,0.003377858681, , , , , , , , ,
21.71684588,0.003310981745, , , , , , , , ,
21.74389052,0.003244536262, , , , , , , , ,
21.77093516,0.003178525594, , , , , , , , ,
21.7979798,0.00311295317, , , , , , , , ,
21.82502444,0.00304782249, , , , , , , , ,
21.85206908,0.002983137123, , , , , , , , ,
21.87911372,0.002918900714, , , , , , , , ,
21.90615836,0.002855116985, , , , , , , , ,
21.933203,0.002791789737, , , , , , , , ,
21.96024764,0.002728922855, , , , , , , , ,
21.98729228,0.002666520308, , , , , , , , ,
22.01433692,0.002604586157, , , , , , , , ,
22.04138156,0.002543124552, , , , , , , , ,
22.0684262,0.002482139744, , , , , , , , ,
22.09547084,0.002421636082, , , , , , , , ,
22.12251548,0.002361618019, , , , , , , , ,
22.14956012,0.002302090118, , , , , , , , ,
22.17660476,0.002243057057, , , , , , , , ,
22.2036494,0.002184523629, , , , , , , , ,
22.23069404,0.002126494754, , , , , , , , ,
22.25773868,0.002068975481, , , , , , , , ,
22.28478332,0.002011970994, , , , , , , , ,
22.31182796,0.001955486618, , , , , , , , ,
22.3388726,0.001899527827, , , , , , , , ,
22.36591724,0.001844100251, , , , , , , , ,
22.39296188,0.001789209683, , , , , , , , ,
22.42000652,0.00173486209, , , , , , , , ,
22.44705116,0.001681063615, , , , , , , , ,
22.4740958,0.001627820596, , , , , , , , ,
22.50114044,0.001575139568, , , , , , , , ,
22.52818508,0.00152302728, , , , , , , , ,
22.55522972,0.001471490702, , , , , , , , ,
22.58227436,0.001420537042, , , , , , , , ,
22.609319,0.001370173758, , , , , , , , ,
22.63636364,0.001320408573, , , , , , , , ,
22.66340828,0.001271249492, , , , , , , , ,
22.69045292,0.001222704821, , , , , , , , ,
22.71749756,0.001174783183, , , , , , , , ,
22.7445422,0.001127493545, , , , , , , , ,
22.77158684,0.001080845236, , , , , , , , ,
22.79863148,0.001034847976, , , , , , , , ,
22.82567612,0.0009895119046, , , , , , , , ,
22.85272076,0.0009448476111, , , , , , , , ,
22.8797654,0.0009008661701, , , , , , , , ,
22.90681004,0.0008575791803, , , , , , , , ,
22.93385468,0.0008149988084, , , , , , , , ,
22.96089932,0.0007731378368, , , , , , , , ,
22.98794396,0.0007320097194, , , , , , , , ,
23.0149886,0.0006916286422, , , , , , , , ,
23.04203324,0.0006520095941, , , , , , , , ,
23.06907788,0.0006131684465, , , , , , , , ,
23.09612252,0.0005751220445, , , , , , , , ,
23.12316716,0.0005378883121, , , , , , , , ,
23.1502118,0.0005014863743, , , , , , , , ,
23.17725644,0.0004659366987, , , , , , , , ,
23.20430108,0.0004312612631, , , , , , , , ,
23.23134572,0.0003974837522, , , , , , , , ,
23.25839036,0.0003646297937, , , , , , , , ,
23.285435,0.000332727242, , , , , , , , ,
23.31247964,0.0003018065242, , , , , , , , ,
23.33952428,0.0002719010665, , , , , , , , ,
23.36656891,0.0002430478258, , , , , , , , ,
23.39361355,0.0002152879654, , , , , , , , ,
23.42065819,0.0001886677254, , , , , , , , ,
23.44770283,0.0001632395706, , , , , , , , ,
23.47474747,0.0001390637371, , , , , , , , ,
23.50179211,0.0001162103803, , , , , , , , ,
23.52883675,9.476265986e-05, , , , , , , , ,
23.55588139,7.482136751e-05, , , , , , , , ,
23.58292603,5.651225982e-05, , , , , , , , ,
23.60997067,3.999856026e-05, , , , , , , , ,
23.63701531,2.550457511e-05, , , , , , , , ,
23.66405995,1.33678784e-05, , , , , , , , ,
23.69110459,0, , , , , , , , ,
23.71814923,0, , , , , , , , ,
23.74519387,0, , , , , , , , ,
23.77223851,0, , , , , , , , ,
23.79928315,0, , , , , , , , ,
23.82632779,0, , , , , , , , ,
23.85337243,0, , , , , , , , ,
23.88041707,0, , , , , , , , ,
23.90746171,0, , , , , , , , ,
23.93450635,0, , , , , , , , ,
23.96155099,0, , , , , , , , ,
23.98859563,0, , , , , , , , ,
24.01564027,0, , , , , , , , ,
24.04268491,0, , , , , , , , ,
24.06972955,0, , , , , , , , ,
24.09677419,0, , , , , , , , ,
24.12381883,0, , , , , , , , ,
24.15086347,0, , , , , , , , ,
24.17790811,0, , , , , , , , ,
24.20495275,0, , , , , , , , ,
24.23199739,0, , , , , , , , ,
24.25904203,0, , , , , , , , ,
24.28608667,0, , , , , , , , ,
24.31313131,0, , , , , , , , ,
24.34017595,0, , , , , , , , ,
24.36722059,0, , , , , , , , ,
24.39426523,0, , , , , , , , ,
24.42130987,0, , , , , , , , ,
24.44835451,0, , , , , , , , ,
24.47539915,0, , , , , , , , ,
24.50244379,0, , , , , , , , ,
24.52948843,0, , , , , , , , ,
24.55653307,0, , , , , , , , ,
24.58357771,0, , , , , , , , ,
24.61062235,0, , , , , , , , ,
24.63766699,0, , , , , , , , ,
24.66471163,0, , , , , , , , ,
24.69175627,0, , , , , , , , ,
24.71880091,0, , , , , , , , ,
24.74584555,0, , , , , , , , ,
24.77289019,0, , , , , , , , ,
24.79993483,0, , , , , , , , ,
24.82697947,0, , , , , , , , ,
24.85402411,0, , , , , , , , ,
24.88106875,0, , , , , , , , ,
24.90811339,0, , , , , , , , ,
24.93515803,0, , , , , , , , ,
24.96220267,0, , , , , , , , ,
24.98924731,0, , , , , , , , ,
25.01629195,0, , , , , , , , ,
25.04333659,0, , , , , , , , ,
25.07038123,0, , , , , , , , ,
25.09742587,0, , , , , , , , ,
25.12447051,0, , , , , , , , ,
25.15151515,0, , , , , , , , ,
25.17855979,0, , , , , , , , ,
25.20560443,0, , , , , , , , ,
25.23264907,0, , , , , , , , ,
25.25969371,0, , , , , , , , ,
25.28673835,0, , , , , , , , ,
25.31378299,0, , , , , , , , ,
25.34082763,0, , , , , , , , ,
25.36787227,0, , , , , , , , ,
25.39491691,0, , , , , , , , ,
25.42196155,0, , , , , , , , ,
25.44900619,0, , , , , , , , ,
25.47605083,0, , , , , , , , ,
25.50309547,0, , , , , , , , ,
25.53014011,0, , , , , , , , ,
25.55718475,0, , , , , , , , ,
25.58422939,0, , , , , , , , ,
25.61127403,0, , , , , , , , ,
25.63831867,0, , , , , , , , ,
25.66536331,0, , , , , , , , ,
25.69240795,0, , , , , , , , ,
25.71945259,0, , , , , , , , ,
25.74649723,0, , , , , , , , ,
25.77354187,0, , , , , , , , ,
25.80058651,0, , , , , , , , ,
25.82763115,0, , , , , , , , ,
25.85467579,0, , , , , , , , ,
25.88172043,0, , , , , , , , ,
25.90876507,0, , , , , , , , ,
25.93580971,0, , , , , , , , ,
25.96285435,0, , , , , , , , ,
25.98989899,0, , , , , , , , ,
26.01694363,0, , , , , , , , ,
26.04398827,0, , , , , , , , ,
26.07103291,0, , , , , , , , ,
26.09807755,0, , , , , , , , ,
26.12512219,0, , , , , , , , ,
26.15216683,0, , , , , , , , ,
26.17921147,0, , , , , , , , ,
26.20625611,0, , , , , , , , ,
26.23330075,0, , , , , , , , ,
26.26034539,0, , , , , , , , ,
26.28739003,0, , , , , , , , ,
26.31443467,0, , , , , , , , ,
26.34147931,0, , , , , , , , ,
26.36852395,0, , , , , , , , ,
26.39556859,0, , , , , , , , ,
26.42261323,0, , , , , , , , ,
26.44965787,0, , , , , , , , ,
26.47670251,0, , , , , , , , ,
26.50374715,0, , , , , , , , ,
26.53079179,0, , , , , , , , ,
26.55783643,0, , , , , , , , ,
26.58488107,0, , , , , , , , ,
26.61192571,0, , , , , , , , ,
26.63897035,0, , , , , , , , ,
26.66601499,0, , , , , , , , ,
26.69305963,0, , , , , , , , ,
26.72010427,0, , , , , , , , ,
26.74714891,0, , , , , , , , ,
26.77419355,0, , , , , , , , ,
26.80123819,0, , , , , , , , ,
26.82828283,0, , , , , , , , ,
26.85532747,0, , , , , , , , ,
26.88237211,0, , , , , , , , ,
26.90941675,0, , , , , , , , ,
26.93646139,0, , , , , , , , ,
26.96350603,0, , , , , , , , ,
26.99055067,0, , , , , , , , ,
27.01759531,0, , , , , , , , ,
27.04463995,0, , , , , , , , ,
27.07168459,0, , , , , , , , ,
27.09872923,0, , , , , , , , ,
27.12577387,0, , , , , , , , ,
27.15281851,0, , , , , , , , ,
27.17986315,0, , , , , , , , ,
27.20690779,0, , , , , , , , ,
27.23395243,0, , , , , , , , ,
27.26099707,0, , , , , , , , ,
27.28804171,0, , , , , , , , ,
27.31508635,0, , , , , , , , ,
27.34213099,0, , , , , , , , ,
27.36917563,0, , , , , , , , ,
27.39622027,0, , , , , , , , ,
27.42326491,0, , , , , , , , ,
27.45030955,0, , , , , , , , ,
27.47735419,0, , , , , , , , ,
27.50439883,0, , , , , , , , ,
27.53144347,0, , , , , , , , ,
27.55848811,0, , , , , , , , ,
27.58553275,0, , , , , , , , ,
27.61257739,0, , , , , , , , ,
27.63962203,0, , , , , , , , ,
27.66666667,0, , , , , , , , ,
