"FTM Limite diffraction_x","FTM Limite diffraction_y","7.0_x","7.0_y"
0,1,0,1,
0.02704463995,0.9980678866,0.01953125,0.9999901762,
0.0540892799,0.996135778,0.0390625,0.9999607043,
0.08113391984,0.9942036789,0.05859375,0.9999115879,
0.1081785598,0.9922715942,0.078125,0.9998428334,
0.1352231997,0.9903395285,0.09765625,0.9997544493,
0.1622678397,0.9884074868,0.1171875,0.999646447,
0.1893124796,0.9864754737,0.13671875,0.99951884,
0.2163571196,0.984543494,0.15625,0.9993716447,
0.2434017595,0.9826115525,0.17578125,0.9992048795,
0.2704463995,0.980679654,0.1953125,0.9990185657,
0.2974910394,0.9787478033,0.21484375,0.9988127268,
0.3245356794,0.9768160051,0.234375,0.9985873889,
0.3515803193,0.9748842642,0.25390625,0.9983425804,
0.3786249593,0.9729525854,0.2734375,0.9980783323,
0.4056695992,0.9710209735,0.29296875,0.997794678,
0.4327142392,0.9690894333,0.3125,0.9974916533,
0.4597588791,0.9671579694,0.33203125,0.9971692965,
0.4868035191,0.9652265868,0.3515625,0.9968276482,
0.513848159,0.9632952902,0.37109375,0.9964667515,
0.540892799,0.9613640844,0.390625,0.9960866518,
0.5679374389,0.9594329741,0.41015625,0.9956873969,
0.5949820789,0.9575019641,0.4296875,0.9952690372,
0.6220267188,0.9555710593,0.44921875,0.9948316251,
0.6490713587,0.9536402644,0.46875,0.9943752155,
0.6761159987,0.9517095842,0.48828125,0.9938998657,
0.7031606386,0.9497790235,0.5078125,0.9934056354,
0.7302052786,0.947848587,0.52734375,0.9928925862,
0.7572499185,0.9459182796,0.546875,0.9923607825,
0.7842945585,0.9439881061,0.56640625,0.9918102905,
0.8113391984,0.9420580712,0.5859375,0.9912411791,
0.8383838384,0.9401281798,0.60546875,0.9906535191,
0.8654284783,0.9381984365,0.625,0.9900473837,
0.8924731183,0.9362688463,0.64453125,0.9894228482,
0.9195177582,0.9343394139,0.6640625,0.9887799902,
0.9465623982,0.9324101441,0.68359375,0.9881188894,
0.9736070381,0.9304810418,0.703125,0.9874396277,
1.000651678,0.9285521116,0.72265625,0.9867422889,
1.027696318,0.9266233585,0.7421875,0.9860269594,
1.054740958,0.9246947872,0.76171875,0.9852937271,
1.081785598,0.9227664025,0.78125,0.9845426823,
1.108830238,0.9208382092,0.80078125,0.9837739174,
1.135874878,0.9189102122,0.8203125,0.9829875267,
1.162919518,0.9169824162,0.83984375,0.9821836064,
1.189964158,0.9150548261,0.859375,0.9813622548,
1.217008798,0.9131274466,0.87890625,0.9805235722,
1.244053438,0.9112002826,0.8984375,0.9796676608,
1.271098078,0.9092733389,0.91796875,0.9787946245,
1.298142717,0.9073466204,0.9375,0.9779045693,
1.325187357,0.9054201317,0.95703125,0.9769976031,
1.352231997,0.9034938778,0.9765625,0.9760738354,
1.379276637,0.9015678635,0.99609375,0.9751333775,
1.406321277,0.8996420936,1.015625,0.9741763428,
1.433365917,0.8977165729,1.03515625,0.9732028461,
1.460410557,0.8957913063,1.0546875,0.972213004,
1.487455197,0.8938662985,1.07421875,0.9712069349,
1.514499837,0.8919415545,1.09375,0.9701847587,
1.541544477,0.890017079,1.11328125,0.9691465971,
1.568589117,0.888092877,1.1328125,0.9680925732,
1.595633757,0.8861689531,1.15234375,0.9670228118,
1.622678397,0.8842453124,1.171875,0.9659374393,
1.649723037,0.8823219596,1.19140625,0.9648365834,
1.676767677,0.8803988995,1.2109375,0.9637203734,
1.703812317,0.878476137,1.23046875,0.9625889401,
1.730856957,0.8765536771,1.25,0.9614424156,
1.757901597,0.8746315244,1.26953125,0.9602809335,
1.784946237,0.8727096839,1.2890625,0.9591046286,
1.811990877,0.8707881605,1.30859375,0.9579136372,
1.839035516,0.868866959,1.328125,0.9567080968,
1.866080156,0.8669460842,1.34765625,0.955488146,
1.893124796,0.8650255411,1.3671875,0.9542539249,
1.920169436,0.8631053344,1.38671875,0.9530055746,
1.947214076,0.8611854692,1.40625,0.9517432373,
1.974258716,0.8592659502,1.42578125,0.9504670565,
2.001303356,0.8573467823,1.4453125,0.9491771767,
2.028347996,0.8554279705,1.46484375,0.9478737433,
2.055392636,0.8535095195,1.484375,0.946556903,
2.082437276,0.8515914344,1.50390625,0.9452268033,
2.109481916,0.8496737199,1.5234375,0.9438835927,
2.136526556,0.8477563809,1.54296875,0.9425274204,
2.163571196,0.8458394225,1.5625,0.9411584368,
2.190615836,0.8439228494,1.58203125,0.9397767929,
2.217660476,0.8420066666,1.6015625,0.9383826406,
2.244705116,0.840090879,1.62109375,0.9369761326,
2.271749756,0.8381754914,1.640625,0.9355574221,
2.298794396,0.8362605089,1.66015625,0.9341266633,
2.325839036,0.8343459362,1.6796875,0.9326840109,
2.352883675,0.8324317784,1.69921875,0.9312296202,
2.379928315,0.8305180404,1.71875,0.929763647,
2.406972955,0.8286047271,1.73828125,0.9282862479,
2.434017595,0.8266918433,1.7578125,0.9267975798,
2.461062235,0.8247793942,1.77734375,0.9252978002,
2.488106875,0.8228673845,1.796875,0.9237870668,
2.515151515,0.8209558193,1.81640625,0.922265538,
2.542196155,0.8190447034,1.8359375,0.9207333723,
2.569240795,0.8171340419,1.85546875,0.9191907288,
2.596285435,0.8152238396,1.875,0.9176377666,
2.623330075,0.8133141016,1.89453125,0.9160746452,
2.650374715,0.8114048328,1.9140625,0.9145015243,
2.677419355,0.8094960382,1.93359375,0.9129185637,
2.704463995,0.8075877227,1.953125,0.9113259236,
2.731508635,0.8056798913,1.97265625,0.9097237639,
2.758553275,0.8037725489,1.9921875,0.9081122449,
2.785597915,0.8018657007,2.01171875,0.9064915267,
2.812642555,0.7999593515,2.03125,0.9048617696,
2.839687195,0.7980535064,2.05078125,0.9032231338,
2.866731834,0.7961481703,2.0703125,0.9015757792,
2.893776474,0.7942433482,2.08984375,0.8999198659,
2.920821114,0.7923390452,2.109375,0.8982555537,
2.947865754,0.7904352662,2.12890625,0.8965830023,
2.974910394,0.7885320163,2.1484375,0.8949023709,
3.001955034,0.7866293005,2.16796875,0.8932138188,
3.028999674,0.7847271238,2.1875,0.8915175049,
3.056044314,0.7828254912,2.20703125,0.8898135877,
3.083088954,0.7809244077,2.2265625,0.8881022254,
3.110133594,0.7790238785,2.24609375,0.8863835758,
3.137178234,0.7771239085,2.265625,0.8846577962,
3.164222874,0.7752245028,2.28515625,0.8829250436,
3.191267514,0.7733256664,2.3046875,0.8811854743,
3.218312154,0.7714274044,2.32421875,0.8794392442,
3.245356794,0.7695297218,2.34375,0.8776865087,
3.272401434,0.7676326238,2.36328125,0.8759274226,
3.299446074,0.7657361153,2.3828125,0.8741621398,
3.326490714,0.7638402015,2.40234375,0.8723908139,
3.353535354,0.7619448875,2.421875,0.8706135977,
3.380579993,0.7600501783,2.44140625,0.8688306431,
3.407624633,0.758156079,2.4609375,0.8670421016,
3.434669273,0.7562625947,2.48046875,0.8652481236,
3.461713913,0.7543697305,2.5,0.8634488589,
3.488758553,0.7524774916,2.51953125,0.8616444563,
3.515803193,0.750585883,2.5390625,0.8598350639,
3.542847833,0.7486949099,2.55859375,0.8580208288,
3.569892473,0.7468045774,2.578125,0.8562018972,
3.596937113,0.7449148906,2.59765625,0.8543784144,
3.623981753,0.7430258547,2.6171875,0.8525505246,
3.651026393,0.7411374747,2.63671875,0.8507183712,
3.678071033,0.739249756,2.65625,0.8488820964,
3.705115673,0.7373627035,2.67578125,0.8470418413,
3.732160313,0.7354763225,2.6953125,0.8451977463,
3.759204953,0.7335906181,2.71484375,0.8433499502,
3.786249593,0.7317055955,2.734375,0.8414985909,
3.813294233,0.7298212599,2.75390625,0.8396438053,
3.840338873,0.7279376165,2.7734375,0.8377857288,
3.867383513,0.7260546704,2.79296875,0.835924496,
3.894428152,0.7241724269,2.8125,0.8340602398,
3.921472792,0.7222908912,2.83203125,0.8321930924,
3.948517432,0.7204100685,2.8515625,0.8303231844,
3.975562072,0.7185299639,2.87109375,0.8284506451,
4.002606712,0.7166505827,2.890625,0.8265756027,
4.029651352,0.7147719302,2.91015625,0.8246981839,
4.056695992,0.7128940116,2.9296875,0.8228185144,
4.083740632,0.7110168322,2.94921875,0.820936718,
4.110785272,0.7091403971,2.96875,0.8190529177,
4.137829912,0.7072647116,2.98828125,0.8171672348,
4.164874552,0.705389781,3.0078125,0.8152797892,
4.191919192,0.7035156107,3.02734375,0.8133906995,
4.218963832,0.7016422057,3.046875,0.8115000829,
4.246008472,0.6997695716,3.06640625,0.809608055,
4.273053112,0.6978977134,3.0859375,0.8077147301,
4.300097752,0.6960266366,3.10546875,0.805820221,
4.327142392,0.6941563465,3.125,0.8039246389,
4.354187032,0.6922868483,3.14453125,0.8020280938,
4.381231672,0.6904181474,3.1640625,0.8001306939,
4.408276312,0.6885502491,3.18359375,0.798232546,
4.435320951,0.6866831587,3.203125,0.7963337556,
4.462365591,0.6848168817,3.22265625,0.7944344262,
4.489410231,0.6829514233,3.2421875,0.7925346604,
4.516454871,0.6810867889,3.26171875,0.7906345586,
4.543499511,0.679222984,3.28125,0.7887342202,
4.570544151,0.6773600137,3.30078125,0.7868337427,
4.597588791,0.6754978837,3.3203125,0.7849332224,
4.624633431,0.6736365992,3.33984375,0.7830327536,
4.651678071,0.6717761656,3.359375,0.7811324294,
4.678722711,0.6699165884,3.37890625,0.7792323411,
4.705767351,0.6680578729,3.3984375,0.7773325788,
4.732811991,0.6662000247,3.41796875,0.7754332305,
4.759856631,0.6643430491,3.4375,0.7735343832,
4.786901271,0.6624869515,3.45703125,0.7716361219,
4.813945911,0.6606317375,3.4765625,0.7697385302,
4.840990551,0.6587774125,3.49609375,0.7678416903,
4.868035191,0.656923982,3.515625,0.7659456825,
4.895079831,0.6550714514,3.53515625,0.7640505859,
4.922124471,0.6532198262,3.5546875,0.7621564778,
4.94916911,0.651369112,3.57421875,0.760263434,
4.97621375,0.6495193142,3.59375,0.7583715289,
5.00325839,0.6476704383,3.61328125,0.7564808352,
5.03030303,0.6458224899,3.6328125,0.7545914241,
5.05734767,0.6439754746,3.65234375,0.7527033654,
5.08439231,0.6421293977,3.671875,0.7508167271,
5.11143695,0.640284265,3.69140625,0.7489315761,
5.13848159,0.638440082,3.7109375,0.7470479775,
5.16552623,0.6365968541,3.73046875,0.745165995,
5.19257087,0.6347545871,3.75,0.7432856907,
5.21961551,0.6329132865,3.76953125,0.7414071255,
5.24666015,0.6310729579,3.7890625,0.7395303587,
5.27370479,0.6292336069,3.80859375,0.737655448,
5.30074943,0.6273952392,3.828125,0.7357824498,
5.32779407,0.6255578603,3.84765625,0.7339114192,
5.35483871,0.6237214759,3.8671875,0.7320424098,
5.38188335,0.6218860917,3.88671875,0.7301754736,
5.40892799,0.6200517133,3.90625,0.7283106614,
5.43597263,0.6182183464,3.92578125,0.7264480228,
5.463017269,0.6163859967,3.9453125,0.7245876058,
5.490061909,0.6145546699,3.96484375,0.7227294571,
5.517106549,0.6127243716,3.984375,0.7208736221,
5.544151189,0.6108951076,4.00390625,0.7190201449,
5.571195829,0.6090668837,4.0234375,0.7171690684,
5.598240469,0.6072397055,4.04296875,0.7153204342,
5.625285109,0.6054135788,4.0625,0.7134742825,
5.652329749,0.6035885093,4.08203125,0.7116306523,
5.679374389,0.6017645029,4.1015625,0.7097895817,
5.706419029,0.5999415653,4.12109375,0.7079511071,
5.733463669,0.5981197023,4.140625,0.7061152642,
5.760508309,0.5962989197,4.16015625,0.7042820872,
5.787552949,0.5944792233,4.1796875,0.7024516093,
5.814597589,0.592660619,4.19921875,0.7006238626,
5.841642229,0.5908431125,4.21875,0.698798878,
5.868686869,0.5890267099,4.23828125,0.6969766855,
5.895731509,0.5872114168,4.2578125,0.6951573139,
5.922776149,0.5853972392,4.27734375,0.6933407911,
5.949820789,0.583584183,4.296875,0.6915271437,
5.976865428,0.581772254,4.31640625,0.6897163977,
6.003910068,0.5799614583,4.3359375,0.6879085779,
6.030954708,0.5781518016,4.35546875,0.6861037081,
6.057999348,0.57634329,4.375,0.6843018113,
6.085043988,0.5745359294,4.39453125,0.6825029097,
6.112088628,0.5727297258,4.4140625,0.6807070243,
6.139133268,0.5709246851,4.43359375,0.6789141756,
6.166177908,0.5691208134,4.453125,0.677124383,
6.193222548,0.5673181166,4.47265625,0.6753376652,
6.220267188,0.5655166007,4.4921875,0.6735540402,
6.247311828,0.5637162718,4.51171875,0.6717735251,
6.274356468,0.561917136,4.53125,0.6699961362,
6.301401108,0.5601191992,4.55078125,0.6682218894,
6.328445748,0.5583224676,4.5703125,0.6664507995,
6.355490388,0.5565269473,4.58984375,0.6646828809,
6.382535028,0.5547326442,4.609375,0.6629181473,
6.409579668,0.5529395647,4.62890625,0.6611566117,
6.436624308,0.5511477147,4.6484375,0.6593982866,
6.463668948,0.5493571004,4.66796875,0.6576431839,
6.490713587,0.547567728,4.6875,0.6558913148,
6.517758227,0.5457796037,4.70703125,0.6541426903,
6.544802867,0.5439927336,4.7265625,0.6523973205,
6.571847507,0.5422071239,4.74609375,0.6506552153,
6.598892147,0.5404227809,4.765625,0.648916384,
6.625936787,0.5386397108,4.78515625,0.6471808356,
6.652981427,0.5368579198,4.8046875,0.6454485784,
6.680026067,0.5350774142,4.82421875,0.6437196207,
6.707070707,0.5332982002,4.84375,0.6419939701,
6.734115347,0.5315202843,4.86328125,0.640271634,
6.761159987,0.5297436726,4.8828125,0.6385526195,
6.788204627,0.5279683715,4.90234375,0.6368369333,
6.815249267,0.5261943873,4.921875,0.6351245819,
6.842293907,0.5244217264,4.94140625,0.6334155715,
6.869338547,0.5226503952,4.9609375,0.6317099079,
6.896383187,0.5208804001,4.98046875,0.6300075971,
6.923427827,0.5191117474,5,0.6283086445,
6.950472467,0.5173444436,5.01953125,0.6266130554,
6.977517107,0.5155784951,5.0390625,0.6249208352,
7.004561746,0.5138139084,5.05859375,0.6232319888,
7.031606386,0.5120506899,5.078125,0.6215465213,
7.058651026,0.5102888463,5.09765625,0.6198644374,
7.085695666,0.5085283838,5.1171875,0.618185742,
7.112740306,0.5067693092,5.13671875,0.6165104398,
7.139784946,0.5050116289,5.15625,0.6148385354,
7.166829586,0.5032553495,5.17578125,0.6131700335,
7.193874226,0.5015004775,5.1953125,0.6115049387,
7.220918866,0.4997470197,5.21484375,0.6098432557,
7.247963506,0.4979949825,5.234375,0.6081849893,
7.275008146,0.4962443727,5.25390625,0.606530144,
7.302052786,0.4944951968,5.2734375,0.6048787248,
7.329097426,0.4927474616,5.29296875,0.6032307365,
7.356142066,0.4910011738,5.3125,0.6015861841,
7.383186706,0.48925634,5.33203125,0.5999450726,
7.410231346,0.4875129671,5.3515625,0.5983074074,
7.437275986,0.4857710617,5.37109375,0.5966731936,
7.464320626,0.4840306306,5.390625,0.595042437,
7.491365266,0.4822916806,5.41015625,0.593415143,
7.518409906,0.4805542186,5.4296875,0.5917913177,
7.545454545,0.4788182513,5.44921875,0.5901709671,
7.572499185,0.4770837857,5.46875,0.5885540974,
7.599543825,0.4753508286,5.48828125,0.5869407151,
7.626588465,0.4736193868,5.5078125,0.5853308271,
7.653633105,0.4718894674,5.52734375,0.5837244402,
7.680677745,0.4701610772,5.546875,0.5821215618,
7.707722385,0.4684342232,5.56640625,0.5805221993,
7.734767025,0.4667089124,5.5859375,0.5789263605,
7.761811665,0.4649851517,5.60546875,0.5773340536,
7.788856305,0.4632629483,5.625,0.5757452869,
7.815900945,0.4615423092,5.64453125,0.5741600692,
7.842945585,0.4598232414,5.6640625,0.5725784094,
7.869990225,0.4581057521,5.68359375,0.571000317,
7.897034865,0.4563898483,5.703125,0.5694258016,
7.924079505,0.4546755372,5.72265625,0.5678548734,
7.951124145,0.4529628259,5.7421875,0.5662875426,
7.978168785,0.4512517217,5.76171875,0.5647238201,
8.005213425,0.4495422317,5.78125,0.563163717,
8.032258065,0.4478343632,5.80078125,0.5616072449,
8.059302704,0.4461281235,5.8203125,0.5600544156,
8.086347344,0.4444235198,5.83984375,0.5585052415,
8.113391984,0.4427205595,5.859375,0.5569597352,
8.140436624,0.4410192498,5.87890625,0.5554179098,
8.167481264,0.4393195982,5.8984375,0.5538797789,
8.194525904,0.437621612,5.91796875,0.5523453564,
8.221570544,0.4359252987,5.9375,0.5508146565,
8.248615184,0.4342306656,5.95703125,0.5492876941,
8.275659824,0.4325377203,5.9765625,0.5477644844,
8.302704464,0.4308464702,5.99609375,0.5462450428,
8.329749104,0.4291569229,6.015625,0.5447293856,
8.356793744,0.4274690858,6.03515625,0.5432175291,
8.383838384,0.4257829667,6.0546875,0.5417094902,
8.410883024,0.424098573,6.07421875,0.5402052864,
8.437927664,0.4224159124,6.09375,0.5387049354,
8.464972304,0.4207349926,6.11328125,0.5372084555,
8.492016944,0.4190558212,6.1328125,0.5357158653,
8.519061584,0.417378406,6.15234375,0.534227184,
8.546106224,0.4157027547,6.171875,0.5327424311,
8.573150863,0.4140288751,6.19140625,0.5312616268,
8.600195503,0.412356775,6.2109375,0.5297847913,
8.627240143,0.4106864622,6.23046875,0.5283119458,
8.654284783,0.4090179446,6.25,0.5268431115,
8.681329423,0.40735123,6.26953125,0.5253783104,
8.708374063,0.4056863265,6.2890625,0.5239175646,
8.735418703,0.4040232419,6.30859375,0.5224608968,
8.762463343,0.4023619843,6.328125,0.5210083303,
8.789507983,0.4007025617,6.34765625,0.5195598887,
8.816552623,0.3990449821,6.3671875,0.5181155961,
8.843597263,0.3973892536,6.38671875,0.5166754768,
8.870641903,0.3957353843,6.40625,0.5152395559,
8.897686543,0.3940833825,6.42578125,0.5138078588,
8.924731183,0.3924332562,6.4453125,0.5123804113,
8.951775823,0.3907850137,6.46484375,0.5109572395,
8.978820463,0.3891386633,6.484375,0.5095383704,
9.005865103,0.3874942133,6.50390625,0.5081238308,
9.032909743,0.3858516719,6.5234375,0.5067136485,
9.059954383,0.3842110476,6.54296875,0.5053078513,
9.086999022,0.3825723487,6.5625,0.5039064678,
9.114043662,0.3809355837,6.58203125,0.5025095265,
9.141088302,0.379300761,6.6015625,0.501117057,
9.168132942,0.3776678893,6.62109375,0.4997290886,
9.195177582,0.3760369769,6.640625,0.4983456516,
9.222222222,0.3744080325,6.66015625,0.4969667764,
9.249266862,0.3727810648,6.6796875,0.4955924938,
9.276311502,0.3711560823,6.69921875,0.4942228351,
9.303356142,0.3695330938,6.71875,0.4928578319,
9.330400782,0.3679121081,6.73828125,0.4914975163,
9.357445422,0.3662931339,6.7578125,0.4901419208,
9.384490062,0.3646761801,6.77734375,0.488791078,
9.411534702,0.3630612554,6.796875,0.4874450213,
9.438579342,0.361448369,6.81640625,0.4861037842,
9.465623982,0.3598375295,6.8359375,0.4847674006,
9.492668622,0.3582287462,6.85546875,0.4834359049,
9.519713262,0.356622028,6.875,0.4821093316,
9.546757902,0.355017384,6.89453125,0.4807877158,
9.573802542,0.3534148233,6.9140625,0.4794710928,
9.600847181,0.3518143552,6.93359375,0.4781594984,
9.627891821,0.3502159887,6.953125,0.4768529687,
9.654936461,0.3486197333,6.97265625,0.47555154,
9.681981101,0.3470255982,6.9921875,0.474255249,
9.709025741,0.3454335927,7.01171875,0.4729641328,
9.736070381,0.3438437263,7.03125,0.4716782288,
9.763115021,0.3422560084,7.05078125,0.4703975747,
9.790159661,0.3406704486,7.0703125,0.4691222085,
9.817204301,0.3390870564,7.08984375,0.4678521684,
9.844248941,0.3375058414,7.109375,0.4665874932,
9.871293581,0.3359268133,7.12890625,0.4653282218,
9.898338221,0.3343499817,7.1484375,0.4640743933,
9.925382861,0.3327753565,7.16796875,0.4628260473,
9.952427501,0.3312029475,7.1875,0.4615832236,
9.979472141,0.3296327644,7.20703125,0.4603459622,
10.00651678,0.3280648174,7.2265625,0.4591143035,
10.03356142,0.3264991163,7.24609375,0.4578882881,
10.06060606,0.3249356711,7.265625,0.4566679569,
10.0876507,0.3233744921,7.28515625,0.455453351,
10.11469534,0.3218155893,7.3046875,0.4542445118,
10.14173998,0.3202589729,7.32421875,0.4530414809,
10.16878462,0.3187046532,7.34375,0.4518443003,
10.19582926,0.3171526406,7.36328125,0.450653012,
10.2228739,0.3156029455,7.3828125,0.4494676585,
10.24991854,0.3140555782,7.40234375,0.4482882823,
10.27696318,0.3125105494,7.421875,0.4471149262,
10.30400782,0.3109678696,7.44140625,0.4459476333,
10.33105246,0.3094275494,7.4609375,0.4447864468,
10.3580971,0.3078895996,7.48046875,0.4436314101,
10.38514174,0.3063540309,7.5,0.442482567,
10.41218638,0.3048208543,7.51953125,0.4413399613,
10.43923102,0.3032900806,7.5390625,0.440203637,
10.46627566,0.3017617207,7.55859375,0.4390736383,
10.4933203,0.3002357859,7.578125,0.4379500098,
10.52036494,0.2987122871,7.59765625,0.436832796,
10.54740958,0.2971912357,7.6171875,0.4357220417,
10.57445422,0.2956726428,7.63671875,0.4346177918,
10.60149886,0.2941565198,7.65625,0.4335200914,
10.6285435,0.2926428783,7.67578125,0.4324289857,
10.65558814,0.2911317296,7.6953125,0.4313445203,
10.68263278,0.2896230854,7.71484375,0.4302667406,
10.70967742,0.2881169573,7.734375,0.4291956923,
10.73672206,0.2866133571,7.75390625,0.4281314214,
10.7637667,0.2851122966,7.7734375,0.4270739736,
10.79081134,0.2836137877,7.79296875,0.4260233951,
10.81785598,0.2821178425,7.8125,0.4249797321,
10.84490062,0.2806244731,7.83203125,0.4239430309,
10.87194526,0.2791336915,7.8515625,0.422913338,
10.8989899,0.2776455102,7.87109375,0.4218906997,
10.92603454,0.2761599414,7.890625,0.4208751628,
10.95307918,0.2746769976,7.91015625,0.4198667739,
10.98012382,0.2731966914,7.9296875,0.4188655798,
11.00716846,0.2717190354,7.94921875,0.4178716273,
11.0342131,0.2702440423,7.96875,0.4168849634,
11.06125774,0.2687717251,7.98828125,0.4159056351,
11.08830238,0.2673020967,8.0078125,0.4149336892,
11.11534702,0.26583517,8.02734375,0.4139691731,
11.14239166,0.2643709584,8.046875,0.4130121336,
11.1694363,0.262909475,8.06640625,0.4120626182,
11.19648094,0.2614507333,8.0859375,0.4111206738,
11.22352558,0.2599947467,8.10546875,0.4101863477,
11.25057022,0.2585415289,8.125,0.4092596871,
11.27761486,0.2570910936,8.14453125,0.4083407392,
11.3046595,0.2556434545,8.1640625,0.4074295514,
11.33170414,0.2541986258,8.18359375,0.4065261707,
11.35874878,0.2527566215,8.203125,0.4056306443,
11.38579342,0.2513174558,8.22265625,0.4047430195,
11.41283806,0.249881143,8.2421875,0.4038633434,
11.4398827,0.2484476977,8.26171875,0.402991663,
11.46692734,0.2470171344,8.28125,0.4021280255,
11.49397198,0.245589468,8.30078125,0.4012724778,
11.52101662,0.2441647133,8.3203125,0.4004250667,
11.54806126,0.2427428854,8.33984375,0.3995858393,
11.5751059,0.2413239994,8.359375,0.3987548422,
11.60215054,0.2399080707,8.37890625,0.3979321221,
11.62919518,0.2384951148,8.3984375,0.3971177255,
11.65623982,0.2370851474,8.41796875,0.396311699,
11.68328446,0.2356781842,8.4375,0.3955140889,
11.7103291,0.2342742413,8.45703125,0.3947249413,
11.73737374,0.2328733348,8.4765625,0.3939443024,
11.76441838,0.231475481,8.49609375,0.393172218,
11.79146302,0.2300806964,8.515625,0.392408734,
11.81850766,0.2286889978,8.53515625,0.3916538959,
11.8455523,0.227300402,8.5546875,0.390907749,
11.87259694,0.225914926,8.57421875,0.3901703388,
11.89964158,0.2245325872,8.59375,0.38944171,
11.92668622,0.2231534029,8.61328125,0.3887219076,
11.95373086,0.221777391,8.6328125,0.3880109762,
11.9807755,0.2204045692,8.65234375,0.3873089601,
12.00782014,0.2190349558,8.671875,0.3866159033,
12.03486478,0.2176685689,8.69140625,0.3859318498,
12.06190942,0.2163054273,8.7109375,0.3852568432,
12.08895406,0.2149455497,8.73046875,0.3845909266,
12.1159987,0.2135889551,8.75,0.3839341432,
12.14304334,0.212235663,8.76953125,0.3832865357,
12.17008798,0.2108856928,8.7890625,0.3826481465,
12.19713262,0.2095390645,8.80859375,0.3820190175,
12.22417726,0.2081957982,8.828125,0.3813991907,
12.2512219,0.2068559142,8.84765625,0.3807887073,
12.27826654,0.2055194333,8.8671875,0.3801876084,
12.30531118,0.2041863766,8.88671875,0.3795959347,
12.33235582,0.2028567653,8.90625,0.3790137264,
12.35940046,0.2015306212,8.92578125,0.3784410234,
12.3864451,0.2002079664,8.9453125,0.3778778651,
12.41348974,0.198888823,8.96484375,0.3773242906,
12.44053438,0.1975732141,8.984375,0.3767803385,
12.46757902,0.1962611626,9.00390625,0.376246047,
12.49462366,0.1949526921,9.0234375,0.3757214537,
12.5216683,0.1936478265,9.04296875,0.3752065958,
12.54871294,0.1923465903,9.0625,0.3747015102,
12.57575758,0.1910490083,9.08203125,0.3742062331,
12.60280222,0.1897551057,9.1015625,0.3737208001,
12.62984686,0.1884649085,9.12109375,0.3732452465,
12.6568915,0.1871784428,9.140625,0.372779607,
12.68393614,0.1858957356,9.16015625,0.3723239157,
12.71098078,0.1846168142,9.1796875,0.3718782062,
12.73802542,0.1833417068,9.19921875,0.3714425114,
12.76507006,0.1820704418,9.21875,0.3710168638,
12.7921147,0.1808030486,9.23828125,0.3706012953,
12.81915934,0.1795395572,9.2578125,0.3701958369,
12.84620398,0.1782799983,9.27734375,0.3698005194,
12.87324862,0.1770244034,9.296875,0.3694153726,
12.90029326,0.1757728046,9.31640625,0.369040426,
12.9273379,0.1745252353,9.3359375,0.3686757081,
12.95438254,0.1732817295,9.35546875,0.368321247,
12.98142717,0.1720423223,9.375,0.36797707,
13.00847181,0.1708070496,9.39453125,0.3676432037,
13.03551645,0.1695759489,9.4140625,0.367319674,
13.06256109,0.1683490585,9.43359375,0.3670065063,
13.08960573,0.1671264182,9.453125,0.366703725,
13.11665037,0.165908069,9.47265625,0.3664113539,
13.14369501,0.1646940537,9.4921875,0.3661294161,
13.17073965,0.1634844165,9.51171875,0.3658579338,
13.19778429,0.1622792034,9.53125,0.3655969286,
13.22482893,0.1610784626,9.55078125,0.3653464212,
13.25187357,0.1598822442,9.5703125,0.3651064317,
13.27891821,0.1586906008,9.58984375,0.3648769793,
13.30596285,0.1575035876,9.609375,0.3646580823,
13.33300749,0.1563212627,9.62890625,0.3644497585,
13.36005213,0.1551436878,9.6484375,0.3642520246,
13.38709677,0.1539709279,9.66796875,0.3640648966,
13.41414141,0.1528030526,9.6875,0.3638883897,
13.44118605,0.1516401363,9.70703125,0.3637225183,
13.46823069,0.1504822592,9.7265625,0.3635672957,
13.49527533,0.1493295079,9.74609375,0.3634227348,
13.52231997,0.1481819774,9.765625,0.3632888474,
13.54936461,0.1470397718,9.78515625,0.3631656443,
13.57640925,0.1459030072,9.8046875,0.3630531357,
13.60345389,0.1447718144,9.82421875,0.3629513309,
13.63049853,0.1436463429,9.84375,0.3628602382,
13.65754317,0.1425267668,9.86328125,0.3627798652,
13.68458781,0.1414132945,9.8828125,0.3627102184,
13.71163245,0.1403061829,9.90234375,0.3626513037,
13.73867709,0.1392057637,9.921875,0.3626031259,
13.76572173,0.1381124952,9.94140625,0.362565689,
13.79276637,0.1370270857,9.9609375,0.3625389961,
13.81981101,0.1359477812,9.98046875,0.3625230495,
13.84685565,0.1348884755, , ,
13.87390029,0.1338328638, , ,
13.90094493,0.1327809752, , ,
13.92798957,0.1317328392, , ,
13.95503421,0.130688486, , ,
13.98207885,0.1296479468, , ,
14.00912349,0.1286112532, , ,
14.03616813,0.127578438, , ,
14.06321277,0.1265495346, , ,
14.09025741,0.1255245776, , ,
14.11730205,0.1245036023, , ,
14.14434669,0.1234866452, , ,
14.17139133,0.1224737439, , ,
14.19843597,0.1214649372, , ,
14.22548061,0.120460265, , ,
14.25252525,0.1194597689, , ,
14.27956989,0.1184634915, , ,
14.30661453,0.1174714774, , ,
14.33365917,0.1164837725, , ,
14.36070381,0.1155004248, , ,
14.38774845,0.1145214842, , ,
14.41479309,0.1135470027, , ,
14.44183773,0.1125770346, , ,
14.46888237,0.111611637, , ,
14.49592701,0.1106508696, , ,
14.52297165,0.1096947953, , ,
14.55001629,0.1087434806, , ,
14.57706093,0.1077969957, , ,
14.60410557,0.1068554153, , ,
14.63115021,0.1059188191, , ,
14.65819485,0.1049872922, , ,
14.68523949,0.1040609266, , ,
14.71228413,0.1031398213, , ,
14.73932877,0.1022240844, , ,
14.76637341,0.1013138343, , ,
14.79341805,0.1004092019, , ,
14.82046269,0.0995103333, , ,
14.84750733,0.09861739342, , ,
14.87455197,0.09773057111, , ,
14.90159661,0.09685008634, , ,
14.92864125,0.09597620094, , ,
14.95568589,0.09510923548, , ,
14.98273053,0.09424959766, , ,
15.00977517,0.093397835, , ,
15.03681981,0.09255474824, , ,
15.06386445,0.09172170571, , ,
15.09090909,0.09090249691, , ,
15.11795373,0.090099386, , ,
15.14499837,0.08929938937, , ,
15.17204301,0.0885025306, , ,
15.19908765,0.08770883378, , ,
15.22613229,0.08691832354, , ,
15.25317693,0.08613102502, , ,
15.28022157,0.08534696398, , ,
15.30726621,0.08456616672, , ,
15.33431085,0.08378866022, , ,
15.36135549,0.08301447207, , ,
15.38840013,0.08224363058, , ,
15.41544477,0.08147616478, , ,
15.44248941,0.08071210444, , ,
15.46953405,0.07995148015, , ,
15.49657869,0.07919432335, , ,
15.52362333,0.07844066637, , ,
15.55066797,0.07769054246, , ,
15.57771261,0.07694398591, , ,
15.60475725,0.07620103204, , ,
15.63180189,0.07546171733, , ,
15.65884653,0.07472607944, , ,
15.68589117,0.07399415731, , ,
15.71293581,0.07326599127, , ,
15.73998045,0.0725416231, , ,
15.76702509,0.07182109617, , ,
15.79406973,0.07110445554, , ,
15.82111437,0.07039174809, , ,
15.84815901,0.0696830227, , ,
15.87520365,0.06897833038, , ,
15.90224829,0.06827772447, , ,
15.92929293,0.06758126089, , ,
15.95633757,0.06688899833, , ,
15.98338221,0.06620099855, , ,
16.01042685,0.06551732672, , ,
16.03747149,0.06483805177, , ,
16.06451613,0.06416324682, , ,
16.09156077,0.06349298971, , ,
16.11860541,0.06282736358, , ,
16.14565005,0.06216645759, , ,
16.17269469,0.06151036781, , ,
16.19973933,0.06085919821, , ,
16.22678397,0.06021306202, , ,
16.25382861,0.05957208333, , ,
16.28087325,0.05893639911, , ,
16.30791789,0.0583061619, , ,
16.33496253,0.0576815433, , ,
16.36200717,0.05706273864, , ,
16.38905181,0.05644997362, , ,
16.41609645,0.05584351366, , ,
16.44314109,0.05524367813, , ,
16.47018573,0.05465086292, , ,
16.49723037,0.05406557905, , ,
16.52427501,0.05348852621, , ,
16.55131965,0.05292075704, , ,
16.57836429,0.05235287564, , ,
16.60540893,0.05182530768, , ,
16.63245357,0.05129995855, , ,
16.65949821,0.05077684411, , ,
16.68654285,0.05025598054, , ,
16.71358749,0.04973738431, , ,
16.74063213,0.04922107221, , ,
16.76767677,0.04870706136, , ,
16.79472141,0.04819536924, , ,
16.82176605,0.04768601367, , ,
16.84881069,0.04717901284, , ,
16.87585533,0.04667438535, , ,
16.90289997,0.04617215017, , ,
16.92994461,0.04567232671, , ,
16.95698925,0.0451749348, , ,
16.98403389,0.04467999474, , ,
17.01107853,0.04418752729, , ,
17.03812317,0.04369755373, , ,
17.06516781,0.04321009582, , ,
17.09221245,0.0427251759, , ,
17.11925709,0.04224281686, , ,
17.14630173,0.04176304218, , ,
17.17334637,0.04128587598, , ,
17.20039101,0.04081134303, , ,
17.22743565,0.04033946878, , ,
17.25448029,0.03987027943, , ,
17.28152493,0.03940380194, , ,
17.30856957,0.03894006406, , ,
17.33561421,0.03847909442, , ,
17.36265885,0.03802092254, , ,
17.38970349,0.03756557891, , ,
17.41674813,0.03711309504, , ,
17.44379277,0.03666350351, , ,
17.47083741,0.03621683807, , ,
17.49788205,0.03577313369, , ,
17.52492669,0.03533242666, , ,
17.55197133,0.03489475468, , ,
17.57901597,0.03446015695, , ,
17.60606061,0.03402867432, , ,
17.63310525,0.03360034936, , ,
17.66014989,0.03317522656, , ,
17.68719453,0.03275335246, , ,
17.71423917,0.03233477582, , ,
17.74128381,0.03191954783, , ,
17.76832845,0.03150772235, , ,
17.79537309,0.03109935614, , ,
17.82241773,0.03069450917, , ,
17.84946237,0.03029324497, , ,
17.87650701,0.02989563102, , ,
17.90355165,0.02950173919, , ,
17.93059629,0.02911164628, , ,
17.95764093,0.02872543467, , ,
17.98468557,0.02834319306, , ,
18.01173021,0.02796501741, , ,
18.03877485,0.02759101199, , ,
18.06581949,0.02722129078, , ,
18.09286413,0.02685597916, , ,
18.11990877,0.02649521602, , ,
18.14695341,0.02613915655, , ,
18.17399804,0.02578797586, , ,
18.20104268,0.0254418738, , ,
18.22808732,0.02510108171, , ,
18.25513196,0.02476587199, , ,
18.2821766,0.02443657243, , ,
18.30922124,0.02411358859, , ,
18.33626588,0.02379744166, , ,
18.36331052,0.02348883865, , ,
18.39035516,0.02318882326, , ,
18.4173998,0.02288186726, , ,
18.44444444,0.02262497692, , ,
18.47148908,0.02236916011, , ,
18.49853372,0.02211442361, , ,
18.52557836,0.02186077431, , ,
18.552623,0.02160821921, , ,
18.57966764,0.02135676543, , ,
18.60671228,0.0211064202, , ,
18.63375692,0.02085719085, , ,
18.66080156,0.02060908487, , ,
18.6878462,0.02036210984, , ,
18.71489084,0.02011627349, , ,
18.74193548,0.01987158369, , ,
18.76898012,0.01962804844, , ,
18.79602476,0.01938567588, , ,
18.8230694,0.01914447429, , ,
18.85011404,0.01890445214, , ,
18.87715868,0.01866561802, , ,
18.90420332,0.0184279807, , ,
18.93124796,0.01819154911, , ,
18.9582926,0.01795633238, , ,
18.98533724,0.0177223398, , ,
19.01238188,0.01748958086, , ,
19.03942652,0.01725806523, , ,
19.06647116,0.01702780281, , ,
19.0935158,0.01679880368, , ,
19.12056044,0.01657107817, , ,
19.14760508,0.01634463683, , ,
19.17464972,0.01611949043, , ,
19.20169436,0.01589565, , ,
19.228739,0.01567312685, , ,
19.25578364,0.01545193252, , ,
19.28282828,0.01523207886, , ,
19.30987292,0.01501357799, , ,
19.33691756,0.01479644238, , ,
19.3639622,0.01458068476, , ,
19.39100684,0.01436631826, , ,
19.41805148,0.01415335631, , ,
19.44509612,0.01394181274, , ,
19.47214076,0.01373170177, , ,
19.4991854,0.01352303801, , ,
19.52623004,0.01331583652, , ,
19.55327468,0.0131101128, , ,
19.58031932,0.01290588283, , ,
19.60736396,0.01270316311, , ,
19.6344086,0.01250197065, , ,
19.66145324,0.01230232305, , ,
19.68849788,0.01210423849, , ,
19.71554252,0.01190773581, , ,
19.74258716,0.01171283452, , ,
19.7696318,0.01151955483, , ,
19.79667644,0.01132791775, , ,
19.82372108,0.01113794512, , ,
19.85076572,0.01094965964, , ,
19.87781036,0.01076308496, , ,
19.904855,0.01057824578, , ,
19.93189964,0.01039516787, , ,
19.95894428,0.01021387821, , ,
19.98598892,0.01003440506, , ,
20.01303356,0.009856778082, , ,
20.0400782,0.009681028472, , ,
20.06712284,0.009507189092, , ,
20.09416748,0.00933529464, , ,
20.12121212,0.009165381831, , ,
20.14825676,0.008997489611, , ,
20.1753014,0.008831659406, , ,
20.20234604,0.008667935403, , ,
20.22939068,0.008506364891, , ,
20.25643532,0.008346998651, , ,
20.28347996,0.00818989143, , ,
20.3105246,0.008035102503, , ,
20.33756924,0.007882696357, , ,
20.36461388,0.00773274353, , ,
20.39165852,0.007585321654, , ,
20.41870316,0.007440516768, , ,
20.4457478,0.007298424996, , ,
20.47279244,0.00715915475, , ,
20.49983708,0.007022829657, , ,
20.52688172,0.006889592587, , ,
20.55392636,0.006759611347, , ,
20.580971,0.006633087073, , ,
20.60801564,0.006510267219, , ,
20.63506028,0.006391467016, , ,
20.66210492,0.006277108224, , ,
20.68914956,0.006167798917, , ,
20.7161942,0.006064537653, , ,
20.74323884,0.005968158261, , ,
20.77028348,0.005887904462, , ,
20.79732812,0.005807994154, , ,
20.82437276,0.005728429271, , ,
20.8514174,0.00564921177, , ,
20.87846204,0.005570343636, , ,
20.90550668,0.00549182688, , ,
20.93255132,0.005413663538, , ,
20.95959596,0.005335855678, , ,
20.9866406,0.005258405393, , ,
21.01368524,0.005181314805, , ,
21.04072988,0.005104586069, , ,
21.06777452,0.005028221368, , ,
21.09481916,0.004952222916, , ,
21.1218638,0.004876592961, , ,
21.14890844,0.004801333783, , ,
21.17595308,0.004726447697, , ,
21.20299772,0.00465193705, , ,
21.23004236,0.004577804228, , ,
21.257087,0.004504051652, , ,
21.28413164,0.00443068178, , ,
21.31117628,0.00435769711, , ,
21.33822092,0.00428510018, , ,
21.36526556,0.004212893567, , ,
21.3923102,0.004141079891, , ,
21.41935484,0.004069661816, , ,
21.44639948,0.00399864205, , ,
21.47344412,0.003928023347, , ,
21.50048876,0.003857808507, , ,
21.5275334,0.00378800038, , ,
21.55457804,0.003718601866, , ,
21.58162268,0.003649615916, , ,
21.60866732,0.003581045534, , ,
21.63571196,0.00351289378, , ,
21.6627566,0.003445163771, , ,
21.68980124,0.003377858681, , ,
21.71684588,0.003310981745, , ,
21.74389052,0.003244536262, , ,
21.77093516,0.003178525594, , ,
21.7979798,0.00311295317, , ,
21.82502444,0.00304782249, , ,
21.85206908,0.002983137123, , ,
21.87911372,0.002918900714, , ,
21.90615836,0.002855116985, , ,
21.933203,0.002791789737, , ,
21.96024764,0.002728922855, , ,
21.98729228,0.002666520308, , ,
22.01433692,0.002604586157, , ,
22.04138156,0.002543124552, , ,
22.0684262,0.002482139744, , ,
22.09547084,0.002421636082, , ,
22.12251548,0.002361618019, , ,
22.14956012,0.002302090118, , ,
22.17660476,0.002243057057, , ,
22.2036494,0.002184523629, , ,
22.23069404,0.002126494754, , ,
22.25773868,0.002068975481, , ,
22.28478332,0.002011970994, , ,
22.31182796,0.001955486618, , ,
22.3388726,0.001899527827, , ,
22.36591724,0.001844100251, , ,
22.39296188,0.001789209683, , ,
22.42000652,0.00173486209, , ,
22.44705116,0.001681063615, , ,
22.4740958,0.001627820596, , ,
22.50114044,0.001575139568, , ,
22.52818508,0.00152302728, , ,
22.55522972,0.001471490702, , ,
22.58227436,0.001420537042, , ,
22.609319,0.001370173758, , ,
22.63636364,0.001320408573, , ,
22.66340828,0.001271249492, , ,
22.69045292,0.001222704821, , ,
22.71749756,0.001174783183, , ,
22.7445422,0.001127493545, , ,
22.77158684,0.001080845236, , ,
22.79863148,0.001034847976, , ,
22.82567612,0.0009895119046, , ,
22.85272076,0.0009448476111, , ,
22.8797654,0.0009008661701, , ,
22.90681004,0.0008575791803, , ,
22.93385468,0.0008149988084, , ,
22.96089932,0.0007731378368, , ,
22.98794396,0.0007320097194, , ,
23.0149886,0.0006916286422, , ,
23.04203324,0.0006520095941, , ,
23.06907788,0.0006131684465, , ,
23.09612252,0.0005751220445, , ,
23.12316716,0.0005378883121, , ,
23.1502118,0.0005014863743, , ,
23.17725644,0.0004659366987, , ,
23.20430108,0.0004312612631, , ,
23.23134572,0.0003974837522, , ,
23.25839036,0.0003646297937, , ,
23.285435,0.000332727242, , ,
23.31247964,0.0003018065242, , ,
23.33952428,0.0002719010665, , ,
23.36656891,0.0002430478258, , ,
23.39361355,0.0002152879654, , ,
23.42065819,0.0001886677254, , ,
23.44770283,0.0001632395706, , ,
23.47474747,0.0001390637371, , ,
23.50179211,0.0001162103803, , ,
23.52883675,9.476265986e-05, , ,
23.55588139,7.482136751e-05, , ,
23.58292603,5.651225982e-05, , ,
23.60997067,3.999856026e-05, , ,
23.63701531,2.550457511e-05, , ,
23.66405995,1.33678784e-05, , ,
23.69110459,0, , ,
23.71814923,0, , ,
23.74519387,0, , ,
23.77223851,0, , ,
23.79928315,0, , ,
23.82632779,0, , ,
23.85337243,0, , ,
23.88041707,0, , ,
23.90746171,0, , ,
23.93450635,0, , ,
23.96155099,0, , ,
23.98859563,0, , ,
24.01564027,0, , ,
24.04268491,0, , ,
24.06972955,0, , ,
24.09677419,0, , ,
24.12381883,0, , ,
24.15086347,0, , ,
24.17790811,0, , ,
24.20495275,0, , ,
24.23199739,0, , ,
24.25904203,0, , ,
24.28608667,0, , ,
24.31313131,0, , ,
24.34017595,0, , ,
24.36722059,0, , ,
24.39426523,0, , ,
24.42130987,0, , ,
24.44835451,0, , ,
24.47539915,0, , ,
24.50244379,0, , ,
24.52948843,0, , ,
24.55653307,0, , ,
24.58357771,0, , ,
24.61062235,0, , ,
24.63766699,0, , ,
24.66471163,0, , ,
24.69175627,0, , ,
24.71880091,0, , ,
24.74584555,0, , ,
24.77289019,0, , ,
24.79993483,0, , ,
24.82697947,0, , ,
24.85402411,0, , ,
24.88106875,0, , ,
24.90811339,0, , ,
24.93515803,0, , ,
24.96220267,0, , ,
24.98924731,0, , ,
25.01629195,0, , ,
25.04333659,0, , ,
25.07038123,0, , ,
25.09742587,0, , ,
25.12447051,0, , ,
25.15151515,0, , ,
25.17855979,0, , ,
25.20560443,0, , ,
25.23264907,0, , ,
25.25969371,0, , ,
25.28673835,0, , ,
25.31378299,0, , ,
25.34082763,0, , ,
25.36787227,0, , ,
25.39491691,0, , ,
25.42196155,0, , ,
25.44900619,0, , ,
25.47605083,0, , ,
25.50309547,0, , ,
25.53014011,0, , ,
25.55718475,0, , ,
25.58422939,0, , ,
25.61127403,0, , ,
25.63831867,0, , ,
25.66536331,0, , ,
25.69240795,0, , ,
25.71945259,0, , ,
25.74649723,0, , ,
25.77354187,0, , ,
25.80058651,0, , ,
25.82763115,0, , ,
25.85467579,0, , ,
25.88172043,0, , ,
25.90876507,0, , ,
25.93580971,0, , ,
25.96285435,0, , ,
25.98989899,0, , ,
26.01694363,0, , ,
26.04398827,0, , ,
26.07103291,0, , ,
26.09807755,0, , ,
26.12512219,0, , ,
26.15216683,0, , ,
26.17921147,0, , ,
26.20625611,0, , ,
26.23330075,0, , ,
26.26034539,0, , ,
26.28739003,0, , ,
26.31443467,0, , ,
26.34147931,0, , ,
26.36852395,0, , ,
26.39556859,0, , ,
26.42261323,0, , ,
26.44965787,0, , ,
26.47670251,0, , ,
26.50374715,0, , ,
26.53079179,0, , ,
26.55783643,0, , ,
26.58488107,0, , ,
26.61192571,0, , ,
26.63897035,0, , ,
26.66601499,0, , ,
26.69305963,0, , ,
26.72010427,0, , ,
26.74714891,0, , ,
26.77419355,0, , ,
26.80123819,0, , ,
26.82828283,0, , ,
26.85532747,0, , ,
26.88237211,0, , ,
26.90941675,0, , ,
26.93646139,0, , ,
26.96350603,0, , ,
26.99055067,0, , ,
27.01759531,0, , ,
27.04463995,0, , ,
27.07168459,0, , ,
27.09872923,0, , ,
27.12577387,0, , ,
27.15281851,0, , ,
27.17986315,0, , ,
27.20690779,0, , ,
27.23395243,0, , ,
27.26099707,0, , ,
27.28804171,0, , ,
27.31508635,0, , ,
27.34213099,0, , ,
27.36917563,0, , ,
27.39622027,0, , ,
27.42326491,0, , ,
27.45030955,0, , ,
27.47735419,0, , ,
27.50439883,0, , ,
27.53144347,0, , ,
27.55848811,0, , ,
27.58553275,0, , ,
27.61257739,0, , ,
27.63962203,0, , ,
27.66666667,0, , ,
