"FTM Limite diffraction_x","FTM Limite diffraction_y","4.2_x","4.2_y","4.4_x","4.4_y","4.6_x","4.6_y"
0,1,0,1,0,1,0,1,
0.02802215705,0.9980678866,0.08203125,0.9984652942,0.08203125,0.9984812924,0.08203125,0.997662035,
0.05604431411,0.996135778,0.1640625,0.9938419868,0.1640625,0.9939062159,0.1640625,0.9906524003,
0.08406647116,0.9942036789,0.24609375,0.9862555436,0.24609375,0.9864009564,0.24609375,0.9791662958,
0.1120886282,0.9922715942,0.328125,0.9759104702,0.328125,0.9761712634,0.328125,0.9635220246,
0.1401107853,0.9903395285,0.41015625,0.9630832916,0.41015625,0.9634954817,0.41015625,0.944150277,
0.1681329423,0.9884074868,0.4921875,0.9481130784,0.4921875,0.9487151213,0.4921875,0.921579666,
0.1961550994,0.9864754737,0.57421875,0.9313898615,0.57421875,0.9322232822,0.57421875,0.8964190331,
0.2241772564,0.984543494,0.65625,0.9133413536,0.65625,0.9144513193,0.65625,0.869337143,
0.2521994135,0.9826115525,0.73828125,0.8944184543,0.73828125,0.8958541972,0.73828125,0.8410404669,
0.2802215705,0.980679654,0.8203125,0.8750800595,0.8203125,0.8768950309,0.8203125,0.8122497991,
0.3082437276,0.9787478033,0.90234375,0.8557777205,0.90234375,0.8580293513,0.90234375,0.783676479,
0.3362658847,0.9768160051,0.984375,0.8369407118,0.984375,0.8396896625,0.984375,0.7559989947,
0.3642880417,0.9748842642,1.06640625,0.8189620574,1.06640625,0.8222708831,1.06640625,0.729840748,
0.3923101988,0.9729525854,1.1484375,0.8021860437,1.1484375,0.8061172663,1.1484375,0.7057497651,
0.4203323558,0.9710209735,1.23046875,0.7868977051,1.23046875,0.7915113747,1.23046875,0.6841811488,
0.4483545129,0.9690894333,1.3125,0.7733147001,1.3125,0.7786656326,1.3125,0.665483069,
0.4763766699,0.9671579694,1.39453125,0.7615819089,1.39453125,0.7677168716,1.39453125,0.6498870432,
0.504398827,0.9652265868,1.4765625,0.7517689584,1.4765625,0.7587241323,1.4765625,0.6375031198,
0.532420984,0.9632952902,1.55859375,0.7438707474,1.55859375,0.7516697909,1.55859375,0.6283203174,
0.5604431411,0.9613640844,1.640625,0.7378108851,1.640625,0.7464638615,1.640625,0.6222122879,
0.5884652981,0.9594329741,1.72265625,0.7334478142,1.72265625,0.7429511318,1.72265625,0.6189477535,
0.6164874552,0.9575019641,1.8046875,0.730583258,1.8046875,0.7409206321,1.8046875,0.6182048914,
0.6445096123,0.9555710593,1.88671875,0.7289725375,1.88671875,0.740116852,1.88671875,0.6195886245,
0.6725317693,0.9536402644,1.96875,0.7283362499,1.96875,0.7402520965,1.96875,0.6226497357,
0.7005539264,0.9517095842,2.05078125,0.7283727761,2.05078125,0.7410194003,2.05078125,0.6269048277,
0.7285760834,0.9497790235,2.1328125,0.7287710925,2.1328125,0.7421054778,2.1328125,0.6318563174,
0.7565982405,0.947848587,2.21484375,0.7292233883,2.21484375,0.7432032467,2.21484375,0.6370118144,
0.7846203975,0.9459182796,2.296875,0.729437024,2.296875,0.7440235251,2.296875,0.6419023393,
0.8126425546,0.9439881061,2.37890625,0.7291454099,2.37890625,0.7443055427,2.37890625,0.6460988989,
0.8406647116,0.9420580712,2.4609375,0.728117435,2.4609375,0.7438259523,2.4609375,0.6492269627,
0.8686868687,0.9401281798,2.54296875,0.7261651334,2.54296875,0.7424060652,2.54296875,0.6509784183,
0.8967090257,0.9381984365,2.625,0.7231493425,2.625,0.7399170807,2.625,0.6511206323,
0.9247311828,0.9362688463,2.70703125,0.7189831824,2.70703125,0.7362831383,2.70703125,0.6495023189,
0.9527533399,0.9343394139,2.7890625,0.7136332706,2.7890625,0.7314820912,2.7890625,0.6460560241,
0.9807754969,0.9324101441,2.87109375,0.7071186751,2.87109375,0.7255439837,2.87109375,0.640797158,
1.008797654,0.9304810418,2.953125,0.6995076994,2.953125,0.7185473042,2.953125,0.6338196406,
1.036819811,0.9285521116,3.03515625,0.6909126856,3.03515625,0.7106131867,3.03515625,0.6252883682,
1.064841968,0.9266233585,3.1171875,0.6814831034,3.1171875,0.7018978331,3.1171875,0.6154288435,
1.092864125,0.9246947872,3.19921875,0.671397274,3.19921875,0.6925835245,3.19921875,0.6045144413,
1.120886282,0.9227664025,3.28125,0.6608531337,3.28125,0.6828686783,3.28125,0.5928518978,
1.148908439,0.9208382092,3.36328125,0.6500584948,3.36328125,0.6729574783,3.36328125,0.5807657162,
1.176930596,0.9189102122,3.4453125,0.6392212784,3.4453125,0.6630496441,3.4453125,0.5685822591,
1.204952753,0.9169824162,3.52734375,0.6285401958,3.52734375,0.6533309162,3.52734375,0.5566143446,
1.23297491,0.9150548261,3.609375,0.6181963196,3.609375,0.6439647869,3.609375,0.5451471644,
1.260997067,0.9131274466,3.69140625,0.6083459282,3.69140625,0.6350859192,3.69140625,0.5344262775,
1.289019225,0.9112002826,3.7734375,0.5991149152,3.7734375,0.6267955573,3.7734375,0.5246482945,
1.317041382,0.9092733389,3.85546875,0.5905949488,3.85546875,0.619159061,3.85546875,0.5159546584,
1.345063539,0.9073466204,3.9375,0.5828414505,3.9375,0.6122055235,3.9375,0.5084286585,
1.373085696,0.9054201317,4.01953125,0.5758733466,4.01953125,0.6059292652,4.01953125,0.5020955452,
1.401107853,0.9034938778,4.1015625,0.569674459,4.1015625,0.6002928862,4.1015625,0.4969253733,
1.42913001,0.9015678635,4.18359375,0.5641963301,4.18359375,0.5952314999,4.18359375,0.4928380598,
1.457152167,0.8996420936,4.265625,0.5593622435,4.265625,0.5906577706,4.265625,0.4897100999,
1.485174324,0.8977165729,4.34765625,0.5550721902,4.34765625,0.5864674261,4.34765625,0.4873824409,
1.513196481,0.8957913063,4.4296875,0.5512085344,4.4296875,0.5825449869,4.4296875,0.4856691212,
1.541218638,0.8938662985,4.51171875,0.5476421426,4.51171875,0.5787695204,4.51171875,0.4843663875,
1.569240795,0.8919415545,4.59375,0.5442387457,4.59375,0.5750202829,4.59375,0.4832620769,
1.597262952,0.890017079,4.67578125,0.5408653075,4.67578125,0.5711821309,4.67578125,0.4821450584,
1.625285109,0.888092877,4.7578125,0.5373961642,4.7578125,0.5671505854,4.7578125,0.4808145015,
1.653307266,0.8861689531,4.83984375,0.5337186993,4.83984375,0.5628364048,4.83984375,0.479088676,
1.681329423,0.8842453124,4.921875,0.5297383186,4.921875,0.5581695028,4.921875,0.4768129386,
1.70935158,0.8823219596,5.00390625,0.5253825057,5.00390625,0.5531020251,5.00390625,0.4738665323,
1.737373737,0.8803988995,5.0859375,0.5206037656,5.0859375,0.5476104,5.0859375,0.4701678368,
1.765395894,0.878476137,5.16796875,0.5153813119,5.16796875,0.5416962007,5.16796875,0.4656777579,
1.793418051,0.8765536771,5.25,0.5097214088,5.25,0.5353857055,5.25,0.4604010298,
1.821440209,0.8746315244,5.33203125,0.5036563502,5.33203125,0.5287281118,5.33203125,0.4543853161,
1.849462366,0.8727096839,5.4140625,0.4972421304,5.4140625,0.5217924502,5.4140625,0.4477181204,
1.877484523,0.8707881605,5.49609375,0.4905549381,5.49609375,0.5146633425,5.49609375,0.4405216518,
1.90550668,0.868866959,5.578125,0.4836866722,5.578125,0.5074358478,5.578125,0.4329459226,
1.933528837,0.8669460842,5.66015625,0.4767397394,5.66015625,0.5002097285,5.66015625,0.4251604766,
1.961550994,0.8650255411,5.7421875,0.4698214352,5.7421875,0.4930835374,5.7421875,0.4173452478,
1.989573151,0.8631053344,5.82421875,0.4630382368,5.82421875,0.4861489531,5.82421875,0.4096811232,
2.017595308,0.8611854692,5.90625,0.456490331,5.90625,0.4794857793,5.90625,0.402340806,
2.045617465,0.8592659502,5.98828125,0.4502666789,5.98828125,0.473157959,5.98828125,0.3954805506,
2.073639622,0.8573467823,6.0703125,0.4444408674,6.0703125,0.4672108441,6.0703125,0.3892332471,
2.101661779,0.8554279705,6.15234375,0.4390679289,6.15234375,0.4616698248,6.15234375,0.3837031828,
2.129683936,0.8535095195,6.234375,0.4341822333,6.234375,0.4565402737,6.234375,0.3789626225,
2.157706093,0.8515914344,6.31640625,0.4297964776,6.31640625,0.4518086332,6.31640625,0.3750501592,
2.18572825,0.8496737199,6.3984375,0.4259017309,6.3984375,0.4474443873,6.3984375,0.3719706355,
2.213750407,0.8477563809,6.48046875,0.4224684439,6.48046875,0.4434026283,6.48046875,0.3696963557,
2.241772564,0.8458394225,6.5625,0.4194483036,6.5625,0.4396269477,6.5625,0.3681693119,
2.269794721,0.8439228494,6.64453125,0.4167768043,6.64453125,0.4360524464,6.64453125,0.3673042166,
2.297816878,0.8420066666,6.7265625,0.4143764036,6.7265625,0.4326087388,6.7265625,0.3669922358,
2.325839036,0.840090879,6.80859375,0.4121601392,6.80859375,0.4292228996,6.80859375,0.3671053994,
2.353861193,0.8381754914,6.890625,0.4100355757,6.890625,0.4258223567,6.890625,0.3675016999,
2.38188335,0.8362605089,6.97265625,0.4079089467,6.97265625,0.4223377462,6.97265625,0.3680308647,
2.409905507,0.8343459362,7.0546875,0.4056893371,7.0546875,0.4187057286,7.0546875,0.3685406995,
2.437927664,0.8324317784,7.13671875,0.4032927371,7.13671875,0.4148717183,7.13671875,0.3688837985,
2.465949821,0.8305180404,7.21875,0.4006457825,7.21875,0.4107924217,7.21875,0.3689243074,
2.493971978,0.8286047271,7.30078125,0.3976889948,7.30078125,0.4064380221,7.30078125,0.3685443558,
2.521994135,0.8266918433,7.3828125,0.3943793443,7.3828125,0.4017938159,7.3828125,0.3676497408,
2.550016292,0.8247793942,7.46484375,0.3906919851,7.46484375,0.396861095,7.46484375,0.3661744632,
2.578038449,0.8228673845,7.546875,0.3866210552,7.546875,0.3916570971,7.546875,0.3640837732,
2.606060606,0.8209558193,7.62890625,0.3821794876,7.62890625,0.3862139108,7.62890625,0.3613754733,
2.634082763,0.8190447034,7.7109375,0.3773978422,7.7109375,0.3805763125,7.7109375,0.3580793397,
2.66210492,0.8171340419,7.79296875,0.372322235,7.79296875,0.374798632,7.79296875,0.3542546495,
2.690127077,0.8152238396,7.875,0.367011506,7.875,0.368940867,7.875,0.349985938,
2.718149234,0.8133141016,7.95703125,0.36153382,7.95703125,0.363064384,7.95703125,0.3453772437,
2.746171391,0.8114048328,8.0390625,0.3559629377,8.0390625,0.357227632,8.0390625,0.3405452319,
2.774193548,0.8094960382,8.12109375,0.3503744096,8.12109375,0.3514823296,8.12109375,0.3356116958,
2.802215705,0.8075877227,8.203125,0.3448419426,8.203125,0.3458705575,8.203125,0.3306960109,
2.830237862,0.8056798913,8.28515625,0.3394341565,8.28515625,0.3404230847,8.28515625,0.3259081439,
2.85826002,0.8037725489,8.3671875,0.3342118912,8.3671875,0.3351590856,8.3671875,0.3213427688,
2.886282177,0.8018657007,8.44921875,0.3292261588,8.44921875,0.3300872017,8.44921875,0.3170749212,
2.914304334,0.7999593515,8.53125,0.3245167558,8.53125,0.3252076904,8.53125,0.3131574301,
2.942326491,0.7980535064,8.61328125,0.3201114902,8.61328125,0.3205152362,8.61328125,0.309620137,
2.970348648,0.7961481703,8.6953125,0.3160259293,8.6953125,0.3160019077,8.6953125,0.3064706867,
2.998370805,0.7942433482,8.77734375,0.312263561,8.77734375,0.3116597441,8.77734375,0.3036965099,
3.026392962,0.7923390452,8.859375,0.3088162745,8.859375,0.3074825519,8.859375,0.3012675377,
3.054415119,0.7904352662,8.94140625,0.3056650991,8.94140625,0.303466657,8.94140625,0.2991392188,
3.082437276,0.7885320163,9.0234375,0.3027811848,9.0234375,0.2996105728,9.0234375,0.2972555224,
3.110459433,0.7866293005,9.10546875,0.3001270446,9.10546875,0.2959137549,9.10546875,0.2955517704,
3.13848159,0.7847271238,9.1875,0.2976580946,9.1875,0.2923747957,9.1875,0.2939572928,
3.166503747,0.7828254912,9.26953125,0.2953245191,9.26953125,0.2889895192,9.26953125,0.2923980161,
3.194525904,0.7809244077,9.3515625,0.2930734509,9.3515625,0.2857494605,9.3515625,0.2907991316,
3.222548061,0.7790238785,9.43359375,0.2908514061,9.43359375,0.2826411332,9.43359375,0.2890879609,
3.250570218,0.7771239085,9.515625,0.288606852,9.515625,0.279646328,9.515625,0.2871970543,
3.278592375,0.7752245028,9.59765625,0.2862927399,9.59765625,0.2767434696,9.59765625,0.2850674452,
3.306614532,0.7733256664,9.6796875,0.2838688057,9.6796875,0.2739098305,9.6796875,0.2826518738,
3.334636689,0.7714274044,9.76171875,0.2813034376,9.76171875,0.2711242138,9.76171875,0.2799177119,
3.362658847,0.7695297218,9.84375,0.2785749389,9.84375,0.2683695942,9.84375,0.2768492799,
3.390681004,0.7676326238,9.92578125,0.2756720646,9.92578125,0.2656351887,9.92578125,0.27344925,
3.418703161,0.7657361153,10.0078125,0.2725937798,10.0078125,0.2629175018,10.0078125,0.2697388843,
3.446725318,0.7638402015,10.08984375,0.26934827,10.08984375,0.2602200504,10.08984375,0.265756943,
3.474747475,0.7619448875,10.171875,0.2659513103,10.171875,0.2575516976,10.171875,0.2615572223,
3.502769632,0.7600501783,10.25390625,0.2624241739,10.25390625,0.2549237691,10.25390625,0.2572048153,
3.530791789,0.758156079,10.3359375,0.2587913056,10.3359375,0.2523463676,10.3359375,0.2527713433,
3.558813946,0.7562625947,10.41796875,0.255078014,10.41796875,0.2498244806,10.41796875,0.2483295399,
3.586836103,0.7543697305,10.5,0.2513084213,10.5,0.2473545706,10.5,0.2439476848,
3.61485826,0.7524774916,10.58203125,0.2475038669,10.58203125,0.2449223046,10.58203125,0.2396844412,
3.642880417,0.750585883,10.6640625,0.2436818914,10.6640625,0.2425019234,10.6640625,0.235584639,
3.670902574,0.7486949099,10.74609375,0.2398558337,10.74609375,0.2400574894,10.74609375,0.2316764418,
3.698924731,0.7468045774,10.828125,0.2360349867,10.828125,0.2375459365,10.828125,0.2279701542,
3.726946888,0.7449148906,10.91015625,0.2322251769,10.91015625,0.2349215452,10.91015625,0.2244586913,
3.754969045,0.7430258547,10.9921875,0.2284295865,10.9921875,0.2321412343,10.9921875,0.2211194956,
3.782991202,0.7411374747,11.07421875,0.2246496243,11.07421875,0.2291699434,11.07421875,0.217917498,
3.811013359,0.739249756,11.15625,0.2208856781,11.15625,0.2259853806,11.15625,0.2148086313,
3.839035516,0.7373627035,11.23828125,0.2171376393,11.23828125,0.2225815118,11.23828125,0.2117434104,
3.867057674,0.7354763225,11.3203125,0.2134051634,11.3203125,0.2189703484,11.3203125,0.2086702058,
3.895079831,0.7335906181,11.40234375,0.2096877044,11.40234375,0.2151818069,11.40234375,0.2055379924,
3.923101988,0.7317055955,11.484375,0.2059844213,11.484375,0.2112616553,11.484375,0.2022985245,
3.951124145,0.7298212599,11.56640625,0.2022940852,11.56640625,0.2072677962,11.56640625,0.1989080259,
3.979146302,0.7279376165,11.6484375,0.1986151105,11.6484375,0.2032653584,11.6484375,0.1953285629,
4.007168459,0.7260546704,11.73046875,0.1949457955,11.73046875,0.1993212488,11.73046875,0.1915292815,
4.035190616,0.7241724269,11.8125,0.1912847954,11.8125,0.1954989213,11.8125,0.1874876505,
4.063212773,0.7222908912,11.89453125,0.1876317737,11.89453125,0.191854122,11.89453125,0.1831907673,
4.09123493,0.7204100685,11.9765625,0.1839881085,11.9765625,0.1884322287,11.9765625,0.1786366915,
4.119257087,0.7185299639,12.05859375,0.1803574828,12.05859375,0.1852675237,12.05859375,0.1738356769,
4.147279244,0.7166505827,12.140625,0.1767461759,12.140625,0.1823843519,12.140625,0.1688111171,
4.175301401,0.7147719302,12.22265625,0.1731628974,12.22265625,0.1797997035,12.22265625,0.1635999908,
4.203323558,0.7128940116,12.3046875,0.1696180772,12.3046875,0.1775264145,12.3046875,0.1582526166,
4.231345715,0.7110168322,12.38671875,0.166122617,12.38671875,0.1755760022,12.38671875,0.1528315869,
4.259367872,0.7091403971,12.46875,0.1626862265,12.46875,0.1739601879,12.46875,0.1474098505,
4.287390029,0.7072647116,12.55078125,0.1593155702,12.55078125,0.1726904319,12.55078125,0.1420680303,
4.315412186,0.705389781,12.6328125,0.1560125271,12.6328125,0.1717752575,12.6328125,0.1368911943,
4.343434343,0.7035156107,12.71484375,0.1527728936,12.71484375,0.1712156911,12.71484375,0.131965403,
4.3714565,0.7016422057,12.796875,0.1495858166,12.796875,0.1709996747,12.796875,0.1273744172,
4.399478658,0.6997695716,12.87890625,0.1464341453,12.87890625,0.1710966693,12.87890625,0.123196922,
4.427500815,0.6978977134,12.9609375,0.1432957395,12.9609375,0.1714537527,12.9609375,0.119504485,
4.455522972,0.6960266366,13.04296875,0.1401456088,13.04296875,0.1719942698,13.04296875,0.1163602196,
4.483545129,0.6941563465,13.125,0.1369586103,13.125,0.1726195851,13.125,0.1138178246,
4.511567286,0.6922868483,13.20703125,0.1337123379,13.20703125,0.1732138596,13.20703125,0.1119204272,
4.539589443,0.6904181474,13.2890625,0.1303898069,13.2890625,0.1736512208,13.2890625,0.1106986033,
4.5676116,0.6885502491,13.37109375,0.1269815702,13.37109375,0.1738043524,13.37109375,0.1101671986,
4.595633757,0.6866831587,13.453125,0.123486999,13.453125,0.1735534342,13.453125,0.1103210971,
4.623655914,0.6848168817,13.53515625,0.1199145808,13.53515625,0.1727944793,13.53515625,0.1111307204,
4.651678071,0.6829514233,13.6171875,0.116281231,13.6171875,0.1714463442,13.6171875,0.1125384887,
4.679700228,0.6810867889,13.69921875,0.11261075,13.69921875,0.1694559551,13.69921875,0.1144575013,
4.707722385,0.679222984,13.78125,0.1089316794,13.78125,0.1668015275,13.78125,0.1167732468,
4.735744542,0.6773600137,13.86328125,0.1052748944,13.86328125,0.1634937515,13.86328125,0.119348443,
4.763766699,0.6754978837,13.9453125,0.1016713152,13.9453125,0.1595750525,13.9453125,0.1220304383,
4.791788856,0.6736365992,14.02734375,0.0981500982,14.02734375,0.1551171411,14.02734375,0.1246602118,
4.819811013,0.6717761656,14.109375,0.09473758473,14.109375,0.1502171416,14.109375,0.1270819303,
4.84783317,0.6699165884,14.19140625,0.09145713537,14.19140625,0.1449926394,14.19140625,0.1291521589,
4.875855327,0.6680578729,14.2734375,0.08832978578,14.2734375,0.1395760239,14.2734375,0.1307480397,
4.903877485,0.6662000247,14.35546875,0.08537545715,14.35546875,0.134108517,14.35546875,0.1317739506,
4.931899642,0.6643430491,14.4375,0.08261428884,14.4375,0.1287342476,14.4375,0.1321662967,
4.959921799,0.6624869515,14.51953125,0.08006757481,14.51953125,0.1235946708,14.51953125,0.1318961753,
4.987943956,0.6606317375,14.6015625,0.07775781432,14.6015625,0.1188234972,14.6015625,0.1309697112,
5.015966113,0.6587774125,14.68359375,0.07570754622,14.68359375,0.1145421363,14.68359375,0.1294259185,
5.04398827,0.656923982,14.765625,0.0739369171,14.765625,0.1108554792,14.765625,0.1273320329,
5.072010427,0.6550714514,14.84765625,0.07246029103,14.84765625,0.1078477494,14.84765625,0.1247764058,
5.100032584,0.6532198262,14.9296875,0.07128255633,14.9296875,0.105578211,14.9296875,0.1218592888,
5.128054741,0.651369112,15.01171875,0.07039599984,15.01171875,0.1040768038,15.01171875,0.1186821673,
5.156076898,0.6495193142,15.09375,0.06977858626,15.09375,0.1033401938,15.09375,0.1153367046,
5.184099055,0.6476704383,15.17578125,0.06939416282,15.17578125,0.1033291049,15.17578125,0.1118947315,
5.212121212,0.6458224899,15.2578125,0.06919459902,15.2578125,0.1039678615,15.2578125,0.1084009177,
5.240143369,0.6439754746,15.33984375,0.0691233583,15.33984375,0.1051467407,15.33984375,0.1048696025,
5.268165526,0.6421293977,15.421875,0.06911967702,15.421875,0.1067271173,15.421875,0.1012866855,
5.296187683,0.640284265,15.50390625,0.0691224864,15.50390625,0.1085487935,15.50390625,0.09761655287,
5.32420984,0.638440082,15.5859375,0.06907341847,15.5859375,0.1104385897,15.5859375,0.09381304578,
5.352231997,0.6365968541,15.66796875,0.0689185713,15.66796875,0.1122192724,15.66796875,0.08983277358,
5.380254154,0.6347545871,15.75,0.06860905366,15.75,0.1137181141,15.75,0.08564884704,
5.408276312,0.6329132865,15.83203125,0.06810060509,15.83203125,0.1147746442,15.83203125,0.08126331467,
5.436298469,0.6310729579,15.9140625,0.06735275824,15.9140625,0.1152473622,15.9140625,0.07671700232,
5.464320626,0.6292336069,15.99609375,0.06632807122,15.99609375,0.1150193191,15.99609375,0.07209576768,
5.492342783,0.6273952392,16.078125,0.06499191603,16.078125,0.1140025379,16.078125,0.06753209686,
5.52036494,0.6255578603,16.16015625,0.06331318737,16.16015625,0.1121412853,16.16015625,0.06320031508,
5.548387097,0.6237214759,16.2421875,0.06126612065,16.2421875,0.1094142266,16.2421875,0.05930263379,
5.576409254,0.6218860917,16.32421875,0.05883321924,16.32421875,0.1058355304,16.32421875,0.05604289593,
5.604431411,0.6200517133,16.40625,0.05600912443,16.40625,0.1014550246,16.40625,0.05358765939,
5.632453568,0.6182183464,16.48828125,0.05280514882,16.48828125,0.09635754139,16.48828125,0.05202239758,
5.660475725,0.6163859967,16.5703125,0.04925414772,16.5703125,0.09066161767,16.5703125,0.05132071058,
5.688497882,0.6145546699,16.65234375,0.04541540768,16.65234375,0.08451770488,16.65234375,0.05134500095,
5.716520039,0.6127243716,16.734375,0.04137922537,16.734375,0.07810594008,16.734375,0.05188111489,
5.744542196,0.6108951076,16.81640625,0.03727066518,16.81640625,0.0716332348,16.81640625,0.05268979219,
5.772564353,0.6090668837,16.8984375,0.03325122574,16.8984375,0.06532877387,16.8984375,0.05355314096,
5.80058651,0.6072397055,16.98046875,0.02951503683,16.98046875,0.05943578642,16.98046875,0.05430457845,
5.828608667,0.6054135788,17.0625,0.0262719792,17.0625,0.05419575151,17.0625,0.05484206568,
5.856630824,0.6035885093,17.14453125,0.02370596456,17.14453125,0.0498203255,17.14453125,0.05512926819,
5.884652981,0.6017645029,17.2265625,0.02190423848,17.2265625,0.04644975695,17.2265625,0.05518890939,
5.912675138,0.5999415653,17.30859375,0.0207875192,17.30859375,0.04410798031,17.30859375,0.05509066735,
5.940697296,0.5981197023,17.390625,0.02010190095,17.390625,0.04267840579,17.390625,0.05493458296,
5.968719453,0.5962989197,17.47265625,0.01949250868,17.47265625,0.04192185647,17.47265625,0.05483077541,
5.99674161,0.5944792233,17.5546875,0.01860162975,17.5546875,0.04153154992,17.5546875,0.05487730687,
6.024763767,0.592660619,17.63671875,0.01713214256,17.63671875,0.04119578478,17.63671875,0.05513972568,
6.052785924,0.5908431125,17.71875,0.01486915449,17.71875,0.0406425209,17.71875,0.055636881,
6.080808081,0.5890267099,17.80078125,0.01167926148,17.80078125,0.03965977932,17.80078125,0.05633668065,
6.108830238,0.5872114168,17.8828125,0.007503040004,17.8828125,0.03809900026,17.8828125,0.05716242563,
6.136852395,0.5853972392,17.96484375,0.002348432171,17.96484375,0.03587034519,17.96484375,0.05800685493,
6.164874552,0.583584183,18.046875,0.003730196351,18.046875,0.03293585346,18.046875,0.05874916681,
6.192896709,0.581772254,18.12890625,0.01060150874,18.12890625,0.02930344554,18.12890625,0.05927072711,
6.220918866,0.5799614583,18.2109375,0.01811356202,18.2109375,0.02502362292,18.2109375,0.0594669794,
6.248941023,0.5781518016,18.29296875,0.02606883218,18.29296875,0.02019231633,18.29296875,0.05925490974,
6.27696318,0.57634329,18.375,0.03424301285,18.375,0.0149735489,18.375,0.05857659394,
6.304985337,0.5745359294,18.45703125,0.04239394153,18.45703125,0.009717701328,18.45703125,0.05739985465,
6.333007494,0.5727297258,18.5390625,0.05027190639,18.5390625,0.005737889545,18.5390625,0.05571714557,
6.361029651,0.5709246851,18.62109375,0.05763045787,18.62109375,0.006931913854,18.62109375,0.05354370505,
6.389051808,0.5691208134,18.703125,0.06423733948,18.703125,0.01186818124,18.703125,0.05091591798,
6.417073965,0.5673181166,18.78515625,0.06988514538,18.78515625,0.01745330908,18.78515625,0.04789074322,
6.445096123,0.5655166007,18.8671875,0.07440130349,18.8671875,0.02292046221,18.8671875,0.04454701001,
6.47311828,0.5637162718,18.94921875,0.07765699477,18.94921875,0.02798357347,18.94921875,0.04098932433,
6.501140437,0.561917136,19.03125,0.07957464975,19.03125,0.03246444099,19.03125,0.03735509289,
6.529162594,0.5601191992,19.11328125,0.08013370583,19.11328125,0.03623113955,19.11328125,0.03382420273,
6.557184751,0.5583224676,19.1953125,0.07937434948,19.1953125,0.03918581985,19.1953125,0.03062764713,
6.585206908,0.5565269473,19.27734375,0.07739897844,19.27734375,0.04126328881,19.27734375,0.02804322728,
6.613229065,0.5547326442,19.359375,0.07437105186,19.359375,0.04243214754,19.359375,0.02635464754,
6.641251222,0.5529395647,19.44140625,0.07051076513,19.44140625,0.04269609409,19.44140625,0.02575640292,
6.669273379,0.5511477147,19.5234375,0.06608646779,19.5234375,0.04209447765,19.5234375,0.02624586113,
6.697295536,0.5493571004,19.60546875,0.06139984805,19.60546875,0.04070165024,19.60546875,0.02760257749,
6.725317693,0.547567728,19.6875,0.0567618448,19.6875,0.03862481644,19.6875,0.02948180208,
6.75333985,0.5457796037,19.76953125,0.05245617273,19.76953125,0.03600009891,19.76953125,0.03153158277,
6.781362007,0.5439927336,19.8515625,0.04869092808,19.8515625,0.03298644933,19.8515625,0.03346092616,
6.809384164,0.5422071239,19.93359375,0.04554848285,19.93359375,0.02975683729,19.93359375,0.03506256373,
6.837406321,0.5404227809,20.015625,0.04295574951,20.015625,0.02648591407,20.015625,0.03621779746,
6.865428478,0.5386397108,20.09765625,0.04069667786,20.09765625,0.02333341471,20.09765625,0.03690002629,
6.893450635,0.5368579198,20.1796875,0.03846763643,20.1796875,0.02042387974,20.1796875,0.03718147246,
6.921472792,0.5350774142,20.26171875,0.03595119859,20.26171875,0.0178273782,20.26171875,0.0372401152,
6.949494949,0.5332982002,20.34375,0.0328800208,20.34375,0.01555324819,20.34375,0.03735681316,
6.977517107,0.5315202843,20.42578125,0.02907915529,20.42578125,0.01357567278,20.42578125,0.03788497179,
7.005539264,0.5297436726,20.5078125,0.007323652683,20.5078125,0.003560855023,20.5078125,0.0117133636,
7.033561421,0.5279683715,20.58984375,0.005678520481,20.58984375,0.003170669261,20.58984375,0.01224303169,
7.061583578,0.5261943873,20.671875,0.004002406239,20.671875,0.003069545173,20.671875,0.01306298905,
7.089605735,0.5244217264,20.75390625,0.002719998174,20.75390625,0.003402430065,20.75390625,0.01411669819,
7.117627892,0.5226503952,20.8359375,0.002836688438,20.8359375,0.004187145497,20.8359375,0.01530928567,
7.145650049,0.5208804001,20.91796875,0.004293896276,20.91796875,0.005319233097,20.91796875,0.01653221941,
7.173672206,0.5191117474,21,0.006136523123,21,0.006677384952,21,0.01768108011,
7.201694363,0.5173444436,21.08203125,0.007966152798,21.08203125,0.008161208749,21.08203125,0.01866553629,
7.22971652,0.5155784951,21.1640625,0.009620993899,21.1640625,0.009686545774,21.1640625,0.01941452283,
7.257738677,0.5138139084,21.24609375,0.01100593858,21.24609375,0.01117849793,21.24609375,0.01987924575,
7.285760834,0.5120506899,21.328125,0.01205602313,21.328125,0.01256891571,21.328125,0.02003539254,
7.313782991,0.5102888463,21.41015625,0.01272809288,21.41015625,0.01379682444,21.41015625,0.01988507994,
7.341805148,0.5085283838,21.4921875,0.012998858,21.4921875,0.01481025793,21.4921875,0.01945861478,
7.369827305,0.5067693092,21.57421875,0.01286429836,21.57421875,0.01556866804,21.57421875,0.01881577496,
7.397849462,0.5050116289,21.65625,0.01233899003,21.65625,0.01604550353,21.65625,0.01804568797,
7.425871619,0.5032553495,21.73828125,0.01145489923,21.73828125,0.01623077476,21.73828125,0.01726317152,
7.453893776,0.5015004775,21.8203125,0.01025951654,21.8203125,0.01613353948,21.8203125,0.01659775231,
7.481915934,0.4997470197,21.90234375,0.008813340574,21.90234375,0.01578427856,21.90234375,0.01617137025,
7.509938091,0.4979949825,21.984375,0.007186790405,21.984375,0.01523701684,21.984375,0.01606619386,
7.537960248,0.4962443727,22.06640625,0.00545666869,22.06640625,0.01457058885,22.06640625,0.01629578467,
7.565982405,0.4944951968,22.1484375,0.003702337608,22.1484375,0.01388732415,22.1484375,0.01679859756,
7.594004562,0.4927474616,22.23046875,0.002001937122,22.23046875,0.01330551978,22.23046875,0.01745880395,
7.622026719,0.4910011738,22.3125,0.0004341458476,22.3125,0.01294087778,22.3125,0.01813929005,
7.650048876,0.48925634,22.39453125,0.0009700014237,22.39453125,0.01287632243,22.39453125,0.01870914275,
7.678071033,0.4875129671,22.4765625,0.002120421464,22.4765625,0.01313222741,22.4765625,0.01905937514,
7.70609319,0.4857710617,22.55859375,0.003006946743,22.55859375,0.01365773015,22.55859375,0.01910943575,
7.734115347,0.4840306306,22.640625,0.003620963774,22.640625,0.01435014263,22.640625,0.01880875348,
7.762137504,0.4822916806,22.72265625,0.003984357009,22.72265625,0.01508671499,22.72265625,0.01813616755,
7.790159661,0.4805542186,22.8046875,0.00415636553,22.8046875,0.01575008005,22.8046875,0.01709865281,
7.818181818,0.4788182513,22.88671875,0.00424131311,22.88671875,0.01624162359,22.88671875,0.0157300387,
7.846203975,0.4770837857,22.96875,0.004384663403,22.96875,0.01648613332,22.96875,0.0140903289,
7.874226132,0.4753508286,23.05078125,0.00473393543,23.05078125,0.01643219574,23.05078125,0.01226663689,
7.902248289,0.4736193868,23.1328125,0.005367829719,23.1328125,0.01605098514,23.1328125,0.01037766588,
7.930270446,0.4718894674,23.21484375,0.006261408533,23.21484375,0.01533452818,23.21484375,0.008584511617,
7.958292603,0.4701610772,23.296875,0.007321420446,23.296875,0.01429375648,23.296875,0.007105696754,
7.986314761,0.4684342232,23.37890625,0.008436239974,23.37890625,0.01295638831,23.37890625,0.00620019918,
8.014336918,0.4667089124,23.4609375,0.00950156744,23.4609375,0.01136463966,23.4609375,0.006024330531,
8.042359075,0.4649851517,23.54296875,0.01042807411,23.54296875,0.00957283577,23.54296875,0.0064415754,
8.070381232,0.4632629483,23.625,0.01114296796,23.625,0.007645203005,23.625,0.007122050745,
8.098403389,0.4615423092,23.70703125,0.01159046595,23.70703125,0.005654846041,23.70703125,0.007778181995,
8.126425546,0.4598232414,23.7890625,0.0117322651,23.7890625,0.003688677277,23.7890625,0.008233559654,
8.154447703,0.4581057521,23.87109375,0.0115479814,23.87109375,0.00189628945,23.87109375,0.008397069108,
8.18246986,0.4563898483,23.953125,0.0110353757,23.953125,0.001067018275,23.953125,0.00823506239,
8.210492017,0.4546755372,24.03515625,0.01021030008,24.03515625,0.002137200501,24.03515625,0.007757086703,
8.238514174,0.4529628259,24.1171875,0.009106532167,24.1171875,0.003417238971,24.1171875,0.007012108596,
8.266536331,0.4512517217,24.19921875,0.007776157748,24.19921875,0.00448326765,24.19921875,0.006094703993,
8.294558488,0.4495422317,24.28125,0.006292545305,24.28125,0.005260585133,24.28125,0.00516543077,
8.322580645,0.4478343632,24.36328125,0.004762766342,24.36328125,0.005723260024,24.36328125,0.004480612525,
8.350602802,0.4461281235,24.4453125,0.003374440087,24.4453125,0.005866760938,24.4453125,0.004345419822,
8.378624959,0.4444235198,24.52734375,0.002530843279,24.52734375,0.005702906856,24.52734375,0.004858922571,
8.406647116,0.4427205595,24.609375,0.002722873454,24.609375,0.00525834198,24.609375,0.00579794033,
8.434669273,0.4410192498,24.69140625,0.003628735095,24.69140625,0.004574363931,24.69140625,0.006873058154,
8.46269143,0.4393195982,24.7734375,0.004664443826,24.7734375,0.003709462644,24.7734375,0.007880376631,
8.490713587,0.437621612,24.85546875,0.005565182097,24.85546875,0.002752015945,24.85546875,0.008692183096,
8.518735745,0.4359252987,24.9375,0.006220771246,24.9375,0.001877418133,24.9375,0.009228984969,
8.546757902,0.4342306656,25.01953125,0.0065794882,25.01953125,0.001522074604,25.01953125,0.00944453164,
8.574780059,0.4325377203,25.1015625,0.00662059591,25.1015625,0.002023067657,25.1015625,0.009319293025,
8.602802216,0.4308464702,25.18359375,0.006346014168,25.18359375,0.00290488774,25.18359375,0.008857765846,
8.630824373,0.4291569229,25.265625,0.005777559726,25.265625,0.003805624511,25.265625,0.008087745859,
8.65884653,0.4274690858,25.34765625,0.004956905471,25.34765625,0.004590958145,25.34765625,0.007061749163,
8.686868687,0.4257829667,25.4296875,0.003950290155,25.4296875,0.005197223096,25.4296875,0.00586343202,
8.714890844,0.424098573,25.51171875,0.00287066016,25.51171875,0.005588676701,25.51171875,0.00462815879,
8.742913001,0.4224159124,25.59375,0.001974429862,25.59375,0.005747014122,25.59375,0.003598084067,
8.770935158,0.4207349926,25.67578125,0.001842535828,25.67578125,0.005668218177,25.67578125,0.003172298053,
8.798957315,0.4190558212,25.7578125,0.00260798098,25.7578125,0.005361257495,25.7578125,0.003584299458,
8.826979472,0.417378406,25.83984375,0.003666611296,25.83984375,0.004847343511,25.83984375,0.004512080381,
8.855001629,0.4157027547,25.921875,0.004695031396,25.921875,0.004159768001,25.921875,0.00555382057,
8.883023786,0.4140288751,26.00390625,0.005564765202,26.00390625,0.003345638999,26.00390625,0.006486881812,
8.911045943,0.412356775,26.0859375,0.006208023985,26.0859375,0.002474971841,26.0859375,0.007196237678,
8.9390681,0.4106864622,26.16796875,0.006584830704,26.16796875,0.001681341199,26.16796875,0.007619354274,
8.967090257,0.4090179446,26.25,0.006674922844,26.25,0.001294891442,26.25,0.007725698371,
8.995112414,0.40735123,26.33203125,0.006475477824,26.33203125,0.001630774921,26.33203125,0.007509560198,
9.023134572,0.4056863265,26.4140625,0.006000384459,26.4140625,0.00232155309,26.4140625,0.006987674619,
9.051156729,0.4040232419,26.49609375,0.005280287848,26.49609375,0.003033371041,26.49609375,0.006199468749,
9.079178886,0.4023619843,26.578125,0.004364448267,26.578125,0.003644509496,26.578125,0.005211308554,
9.107201043,0.4007025617,26.66015625,0.003329499782,26.66015625,0.004102186286,26.66015625,0.004131812644,
9.1352232,0.3990449821,26.7421875,0.002317651558,26.7421875,0.004379951791,26.7421875,0.003159020144,
9.163245357,0.3973892536,26.82421875,0.001682770311,26.82421875,0.00446735636,26.82421875,0.002661341779,
9.191267514,0.3957353843,26.90625,0.001943405213,26.90625,0.004367106777,26.90625,0.002961334943,
9.219289671,0.3940833825,26.98828125,0.002803423738,26.98828125,0.004094413563,26.98828125,0.003815274507,
9.247311828,0.3924332562,27.0703125,0.003762116079,27.0703125,0.003677659571,27.0703125,0.004816357143,
9.275333985,0.3907850137,27.15234375,0.004619961301,27.15234375,0.003161316101,27.15234375,0.005738793659,
9.303356142,0.3891386633,27.234375,0.00528969741,27.234375,0.002614070741,27.234375,0.006468043218,
9.331378299,0.3874942133,27.31640625,0.005723316639,27.31640625,0.002146125553,27.31640625,0.006940350176,
9.359400456,0.3858516719,27.3984375,0.00589478832,27.3984375,0.001916606308,27.3984375,0.007121614229,
9.387422613,0.3842110476,27.48046875,0.005795467944,27.48046875,0.002034540595,27.48046875,0.007000466724,
9.41544477,0.3825723487,27.5625,0.005432644104,27.5625,0.002416768267,27.5625,0.00658602968,
9.443466927,0.3809355837,27.64453125,0.004829096052,27.64453125,0.002896547381,27.64453125,0.005907801962,
9.471489084,0.379300761,27.7265625,0.004023871419,27.7265625,0.003355059199,27.7265625,0.005018288812,
9.499511241,0.3776678893,27.80859375,0.003077527193,27.80859375,0.003724425175,27.80859375,0.004003301898,
9.527533399,0.3760369769,27.890625,0.002098384007,27.890625,0.003966802087,27.890625,0.003017165779,
9.555555556,0.3744080325,27.97265625,0.001377543387,27.97265625,0.004063211676,27.97265625,0.002373911046,
9.583577713,0.3727810648,28.0546875,0.00153709631,28.0546875,0.004008961212,28.0546875,0.002484081853,
9.61159987,0.3711560823,28.13671875,0.002373891601,28.13671875,0.003812017753,28.13671875,0.003238798337,
9.639622027,0.3695330938,28.21875,0.003319866706,28.21875,0.00349303186,28.21875,0.004202450773,
9.667644184,0.3679121081,28.30078125,0.004175632638,28.30078125,0.003087166172,28.30078125,0.005121064366,
9.695666341,0.3662931339,28.3828125,0.004859482893,28.3828125,0.002648965295,28.3828125,0.005872424249,
9.723688498,0.3646761801,28.46484375,0.00532520239,28.46484375,0.002260876424,28.46484375,0.006389620591,
9.751710655,0.3630612554,28.546875,0.00554591599,28.546875,0.002033731343,28.546875,0.006635318928,
9.779732812,0.361448369,28.62890625,0.00551038207,28.62890625,0.002056084394,28.62890625,0.006593874579,
9.807754969,0.3598375295,28.7109375,0.005221996661,28.7109375,0.0023062174,28.7109375,0.006268873208,
9.835777126,0.3582287462,28.79296875,0.004698501467,28.79296875,0.002675384174,28.79296875,0.00568273389,
9.863799283,0.356622028,28.875,0.003972409177,28.875,0.00305964028,28.875,0.004878363866,
9.89182144,0.355017384,28.95703125,0.003094243435,28.95703125,0.003389882172,28.95703125,0.003926293092,
9.919843597,0.3534148233,29.0390625,0.002149185191,29.0390625,0.003624573172,29.0390625,0.002950638422,
9.947865754,0.3518143552,29.12109375,0.001349534686,29.12109375,0.003740950553,29.12109375,0.002212004219,
9.975887911,0.3502159887,29.203125,0.00129076163,29.203125,0.003730391716,29.203125,0.002152391688,
10.00391007,0.3486197333,29.28515625,0.002032070904,29.28515625,0.003596489488,29.28515625,0.002810444176,
10.03193223,0.3470255982,29.3671875,0.002947669206,29.3671875,0.003354724997,29.3671875,0.003740683255,
10.05995438,0.3454335927,29.44921875,0.003798646131,29.44921875,0.003033551631,29.44921875,0.004657019355,
10.08797654,0.3438437263,29.53125,0.004497112087,29.53125,0.002677282144,29.53125,0.005428344557,
10.1159987,0.3422560084,29.61328125,0.004994733893,29.61328125,0.002350317283,29.61328125,0.005984599551,
10.14402085,0.3406704486,29.6953125,0.005262444206,29.6953125,0.002135405313,29.6953125,0.006285662754,
10.17204301,0.3390870564,29.77734375,0.005286139376,29.77734375,0.002104373244,29.77734375,0.006312365218,
10.20006517,0.3375058414,29.859375,0.00506563177,29.859375,0.002262910987,29.859375,0.006063809243,
10.22808732,0.3359268133,29.94140625,0.00461434271,29.94140625,0.002544332516,29.94140625,0.00555678848,
10.25610948,0.3343499817,30.0234375,0.003959464355,30.0234375,0.002864213565,30.0234375,0.00482679913,
10.28413164,0.3327753565,30.10546875,0.003143893713,30.10546875,0.003156690367,30.10546875,0.003932933646,
10.3121538,0.3312029475,30.1875,0.002236630114,30.1875,0.003378476353,30.1875,0.002976349446,
10.34017595,0.3296327644,30.26953125,0.001391892643,30.26953125,0.00350397194,30.26953125,0.002166370362,
10.36819811,0.3280648174,30.3515625,0.001112386269,30.3515625,0.003521346063,30.3515625,0.001927778128,
10.39622027,0.3264991163,30.43359375,0.001730553777,30.43359375,0.003430559209,30.43359375,0.002461235982,
10.42424242,0.3249356711,30.515625,0.002613908305,30.515625,0.003242785578,30.515625,0.003348575028,
10.45226458,0.3233744921,30.59765625,0.003461353174,30.59765625,0.002980979716,30.59765625,0.004259876618,
10.48028674,0.3218155893,30.6796875,0.004174798619,30.6796875,0.002681627869,30.6796875,0.005049180416,
10.5083089,0.3202589729,30.76171875,0.004703061645,30.76171875,0.002397024323,30.76171875,0.005641490522,
10.53633105,0.3187046532,30.84375,0.005014826866,30.84375,0.002193288285,30.84375,0.005993453014,
10.56435321,0.3171526406,30.92578125,0.005093335283,30.92578125,0.002131478758,30.92578125,0.00608249017,
10.59237537,0.3156029455,31.0078125,0.004935193233,31.0078125,0.002229671061,31.0078125,0.005903676812,
10.62039752,0.3140555782,31.08984375,0.004550051926,31.08984375,0.002447587042,31.08984375,0.005468961922,
10.64841968,0.3125105494,31.171875,0.003960622987,31.171875,0.002717930163,31.171875,0.004807726941,
10.67644184,0.3109678696,31.25390625,0.003203811591,31.25390625,0.002980051625,31.25390625,0.003970127081,
10.70446399,0.3094275494,31.3359375,0.002337256865,31.3359375,0.003190524261,31.3359375,0.003040102932,
10.73248615,0.3078895996,31.41796875,0.00147647848,31.41796875,0.003321909408,31.41796875,0.002184965645,
10.76050831,0.3063540309,31.5,0.001008188362,31.5,0.003359905046,31.5,0.001781691767,
10.78853047,0.3048208543,31.58203125,0.001470616586,31.58203125,0.003301522386,31.58203125,0.002169296809,
10.81655262,0.3032900806,31.6640625,0.002316663124,31.6640625,0.003154377439,31.6640625,0.003005176719,
10.84457478,0.3017617207,31.74609375,0.003160188638,31.74609375,0.002936917838,31.74609375,0.003909276289,
10.87259694,0.3002357859,31.828125,0.003887878449,31.828125,0.002679496613,31.828125,0.004715059085,
10.90061909,0.2987122871,31.91015625,0.004444948893,31.91015625,0.002425678555,31.91015625,0.005341156106,
10.92864125,0.2971912357,31.9921875,0.004797777415,31.9921875,0.0022305337,31.9921875,0.005740705426,
10.95666341,0.2956726428,32.07421875,0.004927103932,32.07421875,0.002147726849,32.07421875,0.005887839941,
10.98468557,0.2941565198,32.15625,0.004826605311,32.15625,0.002201931056,32.15625,0.005773944221,
11.01270772,0.2926428783,32.23828125,0.004502556104,32.23828125,0.002370738219,32.23828125,0.005406669255,
11.04072988,0.2911317296,32.3203125,0.003973770192,32.3203125,0.002601133543,32.3203125,0.00481017199,
11.06875204,0.2896230854,32.40234375,0.00327224576,32.40234375,0.002838115279,32.40234375,0.004027386475,
11.09677419,0.2881169573,32.484375,0.002447308945,32.484375,0.003038862044,32.484375,0.003129166997,
11.12479635,0.2866133571,32.56640625,0.001588997136,32.56640625,0.003174620722,32.56640625,0.002250255751,
11.15281851,0.2851122966,32.6484375,0.0009782158727,32.6484375,0.003229039246,32.6484375,0.001706647183,
11.18084066,0.2836137877,32.73046875,0.001249287207,32.73046875,0.00319661336,32.73046875,0.001927950572,
11.20886282,0.2821178425,32.8125,0.002048133779,32.8125,0.003081927988,32.8125,0.002699575046,
11.23688498,0.2806244731,32.89453125,0.002886361204,32.89453125,0.002899660201,32.89453125,0.003592848857,
11.26490714,0.2791336915,32.9765625,0.003627428237,32.9765625,0.002675230063,32.9765625,0.004413233375,
11.29292929,0.2776455102,33.05859375,0.004211797123,33.05859375,0.002445583485,33.05859375,0.005071060005,
11.32095145,0.2761599414,33.140625,0.004603369299,33.140625,0.002257829794,33.140625,0.005515533755,
11.34897361,0.2746769976,33.22265625,0.004780460355,33.22265625,0.002160072439,33.22265625,0.005717512961,
11.37699576,0.2731966914,33.3046875,0.004734006296,33.3046875,0.002180631258,33.3046875,0.005664905868,
11.40501792,0.2717190354,33.38671875,0.004467182642,33.38671875,0.002309829816,33.38671875,0.005361441281,
11.43304008,0.2702440423,33.46875,0.003995310859,33.46875,0.002506694529,33.46875,0.004826671272,
11.46106224,0.2687717251,33.55078125,0.003346205454,33.55078125,0.002721965326,33.55078125,0.004097501865,
11.48908439,0.2673020967,33.6328125,0.002562803719,33.6328125,0.002913917054,33.6328125,0.003234626349,
11.51710655,0.26583517,33.71484375,0.001718032377,33.71484375,0.003052843009,33.71484375,0.002348213385,
11.54512871,0.2643709584,33.796875,0.001012587886,33.796875,0.003120626638,33.796875,0.00169418427,
11.57315086,0.262909475,33.87890625,0.001067179737,33.87890625,0.003109551153,33.87890625,0.001735480648,
11.60117302,0.2614507333,33.9609375,0.001802748703,33.9609375,0.003021556872,33.9609375,0.002425730748,
11.62919518,0.2599947467,34.04296875,0.00263334588,34.04296875,0.002868102256,34.04296875,0.00330309441,
11.65721733,0.2585415289,34.125,0.003386834054,34.125,0.002670545207,34.125,0.004135879565,
11.68523949,0.2570910936,34.20703125,0.003997248636,34.20703125,0.002460631439,34.20703125,0.004823525586,
11.71326165,0.2556434545,34.2890625,0.004425748936,34.2890625,0.002279445048,34.2890625,0.005310711129,
11.74128381,0.2541986258,34.37109375,0.004648249686,34.37109375,0.002170718244,34.37109375,0.005564951185,
11.76930596,0.2527566215,34.453125,0.004653076237,34.453125,0.00216478421,34.453125,0.005570807418,
11.79732812,0.2513174558,34.53515625,0.004440506331,34.53515625,0.002261310371,34.53515625,0.005328349252,
11.82535028,0.249881143,34.6171875,0.004022660347,34.6171875,0.002429507659,34.6171875,0.004852964325,
11.85337243,0.2484476977,34.69921875,0.003423669943,34.69921875,0.002625746336,34.69921875,0.004176372021,
11.88139459,0.2470171344,34.78125,0.002681340516,34.78125,0.002809728318,34.78125,0.003351161881,
11.90941675,0.245589468,34.86328125,0.001856720648,34.86328125,0.002951061045,34.86328125,0.002469049757,
11.93743891,0.2441647133,34.9453125,0.00109575329,34.9453125,0.003030072472,34.9453125,0.001734393147,
11.96546106,0.2427428854,35.02734375,0.0009301784526,35.02734375,0.00303705605,35.02734375,0.001593126918,
11.99348322,0.2413239994,35.109375,0.0015776959,35.109375,0.002971598487,35.109375,0.002180437612,
12.02150538,0.2399080707,35.19140625,0.002396944569,35.19140625,0.002842357529,35.19140625,0.003034937257,
12.04952753,0.2384951148,35.2734375,0.003161698205,35.2734375,0.002667269053,35.2734375,0.003877512092,
12.07754969,0.2370851474,35.35546875,0.00379704584,35.35546875,0.002473865628,35.35546875,0.004593144606,
12.10557185,0.2356781842,35.4375,0.004261003518,35.4375,0.002298492743,35.4375,0.005121161352,
12.133594,0.2342742413,35.51953125,0.004527056408,35.51953125,0.002181344514,35.51953125,0.005425577773,
12.16161616,0.2328733348,35.6015625,0.00458100356,35.6015625,0.002153848335,35.6015625,0.005487671178,
12.18963832,0.231475481,35.68359375,0.004420370802,35.68359375,0.00222274339,35.68359375,0.005304033066,
12.21766048,0.2300806964,35.765625,0.004054289943,35.765625,0.002365941662,35.765625,0.004886203064,
12.24568263,0.2286889978,35.84765625,0.003503564586,35.84765625,0.002545239729,35.84765625,0.004261315353,
12.27370479,0.227300402,35.9296875,0.002801710059,35.9296875,0.002721981742,35.9296875,0.003475308303,
12.30172695,0.225914926,36.01171875,0.002001182931,36.01171875,0.00286527789,36.01171875,0.002605913399,
12.3297491,0.2245325872,36.09375,0.001212113515,36.09375,0.0029540429,36.09375,0.001816613848,
12.35777126,0.2231534029,36.17578125,0.0008473756706,36.17578125,0.002976735509,36.17578125,0.001503326337,
12.38579342,0.221777391,36.2578125,0.00137209481,36.2578125,0.00293080194,36.2578125,0.001962919468,
12.41381558,0.2204045692,36.33984375,0.002174212414,36.33984375,0.002822412945,36.33984375,0.00278513728,
12.44183773,0.2190349558,36.421875,0.002948786267,36.421875,0.00266655754,36.421875,0.003634328807,
12.46985989,0.2176685689,36.50390625,0.003608041749,36.50390625,0.002487262446,36.50390625,0.004376111843,
12.49788205,0.2163054273,36.5859375,0.004106254341,36.5859375,0.002317029075,36.5859375,0.00494331588,
12.5259042,0.2149455497,36.66796875,0.004414393474,36.66796875,0.002193120187,36.66796875,0.005296201342,
12.55392636,0.2135889551,36.75,0.004515777023,36.75,0.002147524814,36.75,0.00541276406,
12.58194852,0.212235663,36.83203125,0.004405282279,36.83203125,0.002192492555,36.83203125,0.005286237065,
12.60997067,0.2108856928,36.9140625,0.004089207966,36.9140625,0.002313473082,36.9140625,0.004924539443,
12.63799283,0.2095390645,36.99609375,0.003585284761,36.99609375,0.002477469366,36.99609375,0.004350654719,
12.66601499,0.2081957982,37.078125,0.00292331436,37.078125,0.00264761556,37.078125,0.003604904026,
12.69403715,0.2068559142,37.16015625,0.00214925955,37.16015625,0.002792656932,37.16015625,0.002754227738,
12.7220593,0.2055194333,37.2421875,0.001349845354,37.2421875,0.002890184366,37.2421875,0.001931045218,
12.75008146,0.2041863766,37.32421875,0.0008260826242,37.32421875,0.002926921545,37.32421875,0.001467512487,
12.77810362,0.2028567653,37.40625,0.001187193756,37.40625,0.002898324074,37.40625,0.00177460524,
12.80612577,0.2015306212,37.48828125,0.001963178677,37.48828125,0.002808307719,37.48828125,0.002551852948,
12.83414793,0.2002079664,37.5703125,0.002745692917,37.5703125,0.002669268607,37.5703125,0.003403690855,
12.86217009,0.198888823,37.65234375,0.003427866295,37.65234375,0.002502244877,37.65234375,0.004169696869,
12.89019225,0.1975732141,37.734375,0.003959342676,37.734375,0.002336536638,37.734375,0.004774607526,
12.9182144,0.1962611626,37.81640625,0.004308420003,37.81640625,0.002206930867,37.81640625,0.005174548564,
12.94623656,0.1949526921,37.8984375,0.004455943249,37.8984375,0.002145667308,37.8984375,0.005344178177,
12.97425872,0.1936478265,37.98046875,0.004394209793,37.98046875,0.00216941559,37.98046875,0.005273439037,
13.00228087,0.1923465903,38.0625,0.004126797409,38.0625,0.002270264699,38.0625,0.004966790059,
13.03030303,0.1910490083,38.14453125,0.003668548183,38.14453125,0.002420229104,38.14453125,0.004443379052,
13.05832519,0.1897551057,38.2265625,0.00304595165,38.2265625,0.002584344764,38.2265625,0.003738651482,
13.08634734,0.1884649085,38.30859375,0.002299844048,38.30859375,0.002731082629,38.30859375,0.002911022032,
13.1143695,0.1871784428,38.390625,0.001501292083,38.390625,0.00283675407,38.390625,0.002069689973,
13.14239166,0.1858957356,38.47265625,0.0008650337309,38.47265625,0.002886399083,38.47265625,0.001484090461,
13.17041382,0.1846168142,38.5546875,0.00102694151,38.5546875,0.002873578754,38.5546875,0.001618955327,
13.19843597,0.1833417068,38.63671875,0.001762696549,38.63671875,0.002800119627,38.63671875,0.002334403128,
13.22645813,0.1820704418,38.71875,0.002550605904,38.71875,0.002676086824,38.71875,0.003183787935,
13.25448029,0.1808030486,38.80078125,0.003254686261,38.80078125,0.002519912315,38.80078125,0.003971897299,
13.28250244,0.1795395572,38.8828125,0.003818604158,38.8828125,0.002358167087,38.8828125,0.004613137751,
13.3105246,0.1782799983,38.96484375,0.004207739219,38.96484375,0.002223511026,38.96484375,0.005058957371,
13.33854676,0.1770244034,39.046875,0.004400433597,39.046875,0.002148254386,39.046875,0.00528055591,
13.36656891,0.1757728046,39.12890625,0.004386442906,39.12890625,0.002152717824,39.12890625,0.005264607619,
13.39459107,0.1745252353,39.2109375,0.004166701405,39.2109375,0.002234950021,39.2109375,0.005012218288,
13.42261323,0.1732817295,39.29296875,0.003753294468,39.29296875,0.00237183267,39.29296875,0.004538926527,
13.45063539,0.1720423223,39.375,0.003169681814,39.375,0.002530404044,39.375,0.003875836773,
13.47865754,0.1708070496,39.45703125,0.002452481962,39.45703125,0.002678920921,39.45703125,0.003074445853,
13.5066797,0.1695759489,39.5390625,0.001661904283,39.5390625,0.002792419039,39.5390625,0.002226584605,
13.53470186,0.1683490585,39.62109375,0.0009535517488,39.62109375,0.002854261488,39.62109375,0.001547952452,
13.56272401,0.1671264182,39.703125,0.0008988065567,39.703125,0.002856162925,39.703125,0.001501132291,
13.59074617,0.165908069,39.78515625,0.001572453415,39.78515625,0.002797970557,39.78515625,0.00213323731,
13.61876833,0.1646940537,39.8671875,0.002362172431,39.8671875,0.002687607684,39.8671875,0.002973471307,
13.64679049,0.1634844165,39.94921875,0.003087057323,39.94921875,0.002541182657,39.94921875,0.003781243501,
13.67481264,0.1622792034,40.03125,0.003682727989,40.03125,0.002382888162,40.03125,0.004457483853,
13.7028348,0.1610784626,40.11328125,0.004111272736,40.11328125,0.0022435262,40.11328125,0.004948197905,
13.73085696,0.1598822442,40.1953125,0.004348457772,40.1953125,0.002155375062,40.1953125,0.005220929739,
13.75887911,0.1586906008,40.27734375,0.004381506306,40.27734375,0.00214186174,40.27734375,0.005259061959,
13.78690127,0.1575035876,40.359375,0.00420875713,40.359375,0.002206496767,40.359375,0.005060409301,
13.81492343,0.1563212627,40.44140625,0.003839630152,40.44140625,0.002330953142,40.44140625,0.004637059893,
13.84294558,0.1551436878,40.5234375,0.003294753658,40.5234375,0.002484381936,40.5234375,0.0040161626,
13.87096774,0.1539709279,40.60546875,0.002607142774,40.60546875,0.002634864952,40.60546875,0.003243441816,
13.8989899,0.1528030526,40.6875,0.001829158624,40.6875,0.002756127949,40.6875,0.002397579844,
13.92701206,0.1516401363,40.76953125,0.001077909566,40.76953125,0.002829820215,40.76953125,0.00165177318,
13.95503421,0.1504822592,40.8515625,0.0008138597992,40.8515625,0.002845812869,40.8515625,0.001427071415,
13.98305637,0.1493295079,40.93359375,0.00139314798,40.93359375,0.002802034278,40.93359375,0.001950044385,
14.01107853,0.1481819774,41.015625,0.002179432517,41.015625,0.002704395238,41.015625,0.002772185109,
14.03910068,0.1470397718,41.09765625,0.002923830096,41.09765625,0.002566885802,41.09765625,0.003596684865,
14.06712284,0.1459030072,41.1796875,0.003550665092,41.1796875,0.002411580764,41.1796875,0.004306580452,
14.095145,0.1447718144,41.26171875,0.004018179004,41.26171875,0.002267631348,41.26171875,0.004841361691,
14.12316716,0.1436463429,41.34375,0.004299436258,41.34375,0.002167226489,41.34375,0.005164624052,
14.15118931,0.1425267668,41.42578125,0.004379107662,41.42578125,0.002136513687,41.42578125,0.005256387362,
14.17921147,0.1414132945,41.5078125,0.004252958172,41.5078125,0.002184120214,41.5078125,0.005111196822,
14.20723363,0.1403061829,41.58984375,0.003927800401,41.58984375,0.002296517227,41.58984375,0.004737794532,
14.23525578,0.1392057637,41.671875,0.003421568117,41.671875,0.002445109619,41.671875,0.004159649161,
14.26327794,0.1381124952,41.75390625,0.002764092922,41.75390625,0.002597831442,41.75390625,0.003417531859,
14.2913001,0.1370270857,41.8359375,0.002001809024,41.8359375,0.002727026082,41.8359375,0.002579976343,
14.31932225,0.1359477812,41.91796875,0.001226890674,41.91796875,0.002812546806,41.91796875,0.001787958674,
14.34734441,0.1348884755, , , , , , ,
14.37536657,0.1338328638, , , , , , ,
14.40338873,0.1327809752, , , , , , ,
14.43141088,0.1317328392, , , , , , ,
14.45943304,0.130688486, , , , , , ,
14.4874552,0.1296479468, , , , , , ,
14.51547735,0.1286112532, , , , , , ,
14.54349951,0.127578438, , , , , , ,
14.57152167,0.1265495346, , , , , , ,
14.59954383,0.1255245776, , , , , , ,
14.62756598,0.1245036023, , , , , , ,
14.65558814,0.1234866452, , , , , , ,
14.6836103,0.1224737439, , , , , , ,
14.71163245,0.1214649372, , , , , , ,
14.73965461,0.120460265, , , , , , ,
14.76767677,0.1194597689, , , , , , ,
14.79569892,0.1184634915, , , , , , ,
14.82372108,0.1174714774, , , , , , ,
14.85174324,0.1164837725, , , , , , ,
14.8797654,0.1155004248, , , , , , ,
14.90778755,0.1145214842, , , , , , ,
14.93580971,0.1135470027, , , , , , ,
14.96383187,0.1125770346, , , , , , ,
14.99185402,0.111611637, , , , , , ,
15.01987618,0.1106508696, , , , , , ,
15.04789834,0.1096947953, , , , , , ,
15.0759205,0.1087434806, , , , , , ,
15.10394265,0.1077969957, , , , , , ,
15.13196481,0.1068554153, , , , , , ,
15.15998697,0.1059188191, , , , , , ,
15.18800912,0.1049872922, , , , , , ,
15.21603128,0.1040609266, , , , , , ,
15.24405344,0.1031398213, , , , , , ,
15.27207559,0.1022240844, , , , , , ,
15.30009775,0.1013138343, , , , , , ,
15.32811991,0.1004092019, , , , , , ,
15.35614207,0.0995103333, , , , , , ,
15.38416422,0.09861739342, , , , , , ,
15.41218638,0.09773057111, , , , , , ,
15.44020854,0.09685008634, , , , , , ,
15.46823069,0.09597620094, , , , , , ,
15.49625285,0.09510923548, , , , , , ,
15.52427501,0.09424959766, , , , , , ,
15.55229717,0.093397835, , , , , , ,
15.58031932,0.09255474824, , , , , , ,
15.60834148,0.09172170571, , , , , , ,
15.63636364,0.09090249691, , , , , , ,
15.66438579,0.090099386, , , , , , ,
15.69240795,0.08929938937, , , , , , ,
15.72043011,0.0885025306, , , , , , ,
15.74845226,0.08770883378, , , , , , ,
15.77647442,0.08691832354, , , , , , ,
15.80449658,0.08613102502, , , , , , ,
15.83251874,0.08534696398, , , , , , ,
15.86054089,0.08456616672, , , , , , ,
15.88856305,0.08378866022, , , , , , ,
15.91658521,0.08301447207, , , , , , ,
15.94460736,0.08224363058, , , , , , ,
15.97262952,0.08147616478, , , , , , ,
16.00065168,0.08071210444, , , , , , ,
16.02867384,0.07995148015, , , , , , ,
16.05669599,0.07919432335, , , , , , ,
16.08471815,0.07844066637, , , , , , ,
16.11274031,0.07769054246, , , , , , ,
16.14076246,0.07694398591, , , , , , ,
16.16878462,0.07620103204, , , , , , ,
16.19680678,0.07546171733, , , , , , ,
16.22482893,0.07472607944, , , , , , ,
16.25285109,0.07399415731, , , , , , ,
16.28087325,0.07326599127, , , , , , ,
16.30889541,0.0725416231, , , , , , ,
16.33691756,0.07182109617, , , , , , ,
16.36493972,0.07110445554, , , , , , ,
16.39296188,0.07039174809, , , , , , ,
16.42098403,0.0696830227, , , , , , ,
16.44900619,0.06897833038, , , , , , ,
16.47702835,0.06827772447, , , , , , ,
16.50505051,0.06758126089, , , , , , ,
16.53307266,0.06688899833, , , , , , ,
16.56109482,0.06620099855, , , , , , ,
16.58911698,0.06551732672, , , , , , ,
16.61713913,0.06483805177, , , , , , ,
16.64516129,0.06416324682, , , , , , ,
16.67318345,0.06349298971, , , , , , ,
16.7012056,0.06282736358, , , , , , ,
16.72922776,0.06216645759, , , , , , ,
16.75724992,0.06151036781, , , , , , ,
16.78527208,0.06085919821, , , , , , ,
16.81329423,0.06021306202, , , , , , ,
16.84131639,0.05957208333, , , , , , ,
16.86933855,0.05893639911, , , , , , ,
16.8973607,0.0583061619, , , , , , ,
16.92538286,0.0576815433, , , , , , ,
16.95340502,0.05706273864, , , , , , ,
16.98142717,0.05644997362, , , , , , ,
17.00944933,0.05584351366, , , , , , ,
17.03747149,0.05524367813, , , , , , ,
17.06549365,0.05465086292, , , , , , ,
17.0935158,0.05406557905, , , , , , ,
17.12153796,0.05348852621, , , , , , ,
17.14956012,0.05292075704, , , , , , ,
17.17758227,0.05235287564, , , , , , ,
17.20560443,0.05182530768, , , , , , ,
17.23362659,0.05129995855, , , , , , ,
17.26164875,0.05077684411, , , , , , ,
17.2896709,0.05025598054, , , , , , ,
17.31769306,0.04973738431, , , , , , ,
17.34571522,0.04922107221, , , , , , ,
17.37373737,0.04870706136, , , , , , ,
17.40175953,0.04819536924, , , , , , ,
17.42978169,0.04768601367, , , , , , ,
17.45780384,0.04717901284, , , , , , ,
17.485826,0.04667438535, , , , , , ,
17.51384816,0.04617215017, , , , , , ,
17.54187032,0.04567232671, , , , , , ,
17.56989247,0.0451749348, , , , , , ,
17.59791463,0.04467999474, , , , , , ,
17.62593679,0.04418752729, , , , , , ,
17.65395894,0.04369755373, , , , , , ,
17.6819811,0.04321009582, , , , , , ,
17.71000326,0.0427251759, , , , , , ,
17.73802542,0.04224281686, , , , , , ,
17.76604757,0.04176304218, , , , , , ,
17.79406973,0.04128587598, , , , , , ,
17.82209189,0.04081134303, , , , , , ,
17.85011404,0.04033946878, , , , , , ,
17.8781362,0.03987027943, , , , , , ,
17.90615836,0.03940380194, , , , , , ,
17.93418051,0.03894006406, , , , , , ,
17.96220267,0.03847909442, , , , , , ,
17.99022483,0.03802092254, , , , , , ,
18.01824699,0.03756557891, , , , , , ,
18.04626914,0.03711309504, , , , , , ,
18.0742913,0.03666350351, , , , , , ,
18.10231346,0.03621683807, , , , , , ,
18.13033561,0.03577313369, , , , , , ,
18.15835777,0.03533242666, , , , , , ,
18.18637993,0.03489475468, , , , , , ,
18.21440209,0.03446015695, , , , , , ,
18.24242424,0.03402867432, , , , , , ,
18.2704464,0.03360034936, , , , , , ,
18.29846856,0.03317522656, , , , , , ,
18.32649071,0.03275335246, , , , , , ,
18.35451287,0.03233477582, , , , , , ,
18.38253503,0.03191954783, , , , , , ,
18.41055718,0.03150772235, , , , , , ,
18.43857934,0.03109935614, , , , , , ,
18.4666015,0.03069450917, , , , , , ,
18.49462366,0.03029324497, , , , , , ,
18.52264581,0.02989563102, , , , , , ,
18.55066797,0.02950173919, , , , , , ,
18.57869013,0.02911164628, , , , , , ,
18.60671228,0.02872543467, , , , , , ,
18.63473444,0.02834319306, , , , , , ,
18.6627566,0.02796501741, , , , , , ,
18.69077876,0.02759101199, , , , , , ,
18.71880091,0.02722129078, , , , , , ,
18.74682307,0.02685597916, , , , , , ,
18.77484523,0.02649521602, , , , , , ,
18.80286738,0.02613915655, , , , , , ,
18.83088954,0.02578797586, , , , , , ,
18.8589117,0.0254418738, , , , , , ,
18.88693385,0.02510108171, , , , , , ,
18.91495601,0.02476587199, , , , , , ,
18.94297817,0.02443657243, , , , , , ,
18.97100033,0.02411358859, , , , , , ,
18.99902248,0.02379744166, , , , , , ,
19.02704464,0.02348883865, , , , , , ,
19.0550668,0.02318882326, , , , , , ,
19.08308895,0.02288186726, , , , , , ,
19.11111111,0.02262497692, , , , , , ,
19.13913327,0.02236916011, , , , , , ,
19.16715543,0.02211442361, , , , , , ,
19.19517758,0.02186077431, , , , , , ,
19.22319974,0.02160821921, , , , , , ,
19.2512219,0.02135676543, , , , , , ,
19.27924405,0.0211064202, , , , , , ,
19.30726621,0.02085719085, , , , , , ,
19.33528837,0.02060908487, , , , , , ,
19.36331052,0.02036210984, , , , , , ,
19.39133268,0.02011627349, , , , , , ,
19.41935484,0.01987158369, , , , , , ,
19.447377,0.01962804844, , , , , , ,
19.47539915,0.01938567588, , , , , , ,
19.50342131,0.01914447429, , , , , , ,
19.53144347,0.01890445214, , , , , , ,
19.55946562,0.01866561802, , , , , , ,
19.58748778,0.0184279807, , , , , , ,
19.61550994,0.01819154911, , , , , , ,
19.6435321,0.01795633238, , , , , , ,
19.67155425,0.0177223398, , , , , , ,
19.69957641,0.01748958086, , , , , , ,
19.72759857,0.01725806523, , , , , , ,
19.75562072,0.01702780281, , , , , , ,
19.78364288,0.01679880368, , , , , , ,
19.81166504,0.01657107817, , , , , , ,
19.83968719,0.01634463683, , , , , , ,
19.86770935,0.01611949043, , , , , , ,
19.89573151,0.01589565, , , , , , ,
19.92375367,0.01567312685, , , , , , ,
19.95177582,0.01545193252, , , , , , ,
19.97979798,0.01523207886, , , , , , ,
20.00782014,0.01501357799, , , , , , ,
20.03584229,0.01479644238, , , , , , ,
20.06386445,0.01458068476, , , , , , ,
20.09188661,0.01436631826, , , , , , ,
20.11990877,0.01415335631, , , , , , ,
20.14793092,0.01394181274, , , , , , ,
20.17595308,0.01373170177, , , , , , ,
20.20397524,0.01352303801, , , , , , ,
20.23199739,0.01331583652, , , , , , ,
20.26001955,0.0131101128, , , , , , ,
20.28804171,0.01290588283, , , , , , ,
20.31606386,0.01270316311, , , , , , ,
20.34408602,0.01250197065, , , , , , ,
20.37210818,0.01230232305, , , , , , ,
20.40013034,0.01210423849, , , , , , ,
20.42815249,0.01190773581, , , , , , ,
20.45617465,0.01171283452, , , , , , ,
20.48419681,0.01151955483, , , , , , ,
20.51221896,0.01132791775, , , , , , ,
20.54024112,0.01113794512, , , , , , ,
20.56826328,0.01094965964, , , , , , ,
20.59628543,0.01076308496, , , , , , ,
20.62430759,0.01057824578, , , , , , ,
20.65232975,0.01039516787, , , , , , ,
20.68035191,0.01021387821, , , , , , ,
20.70837406,0.01003440506, , , , , , ,
20.73639622,0.009856778082, , , , , , ,
20.76441838,0.009681028472, , , , , , ,
20.79244053,0.009507189092, , , , , , ,
20.82046269,0.00933529464, , , , , , ,
20.84848485,0.009165381831, , , , , , ,
20.87650701,0.008997489611, , , , , , ,
20.90452916,0.008831659406, , , , , , ,
20.93255132,0.008667935403, , , , , , ,
20.96057348,0.008506364891, , , , , , ,
20.98859563,0.008346998651, , , , , , ,
21.01661779,0.00818989143, , , , , , ,
21.04463995,0.008035102503, , , , , , ,
21.0726621,0.007882696357, , , , , , ,
21.10068426,0.00773274353, , , , , , ,
21.12870642,0.007585321654, , , , , , ,
21.15672858,0.007440516768, , , , , , ,
21.18475073,0.007298424996, , , , , , ,
21.21277289,0.00715915475, , , , , , ,
21.24079505,0.007022829657, , , , , , ,
21.2688172,0.006889592587, , , , , , ,
21.29683936,0.006759611347, , , , , , ,
21.32486152,0.006633087073, , , , , , ,
21.35288368,0.006510267219, , , , , , ,
21.38090583,0.006391467016, , , , , , ,
21.40892799,0.006277108224, , , , , , ,
21.43695015,0.006167798917, , , , , , ,
21.4649723,0.006064537653, , , , , , ,
21.49299446,0.005968158261, , , , , , ,
21.52101662,0.005887904462, , , , , , ,
21.54903877,0.005807994154, , , , , , ,
21.57706093,0.005728429271, , , , , , ,
21.60508309,0.00564921177, , , , , , ,
21.63310525,0.005570343636, , , , , , ,
21.6611274,0.00549182688, , , , , , ,
21.68914956,0.005413663538, , , , , , ,
21.71717172,0.005335855678, , , , , , ,
21.74519387,0.005258405393, , , , , , ,
21.77321603,0.005181314805, , , , , , ,
21.80123819,0.005104586069, , , , , , ,
21.82926035,0.005028221368, , , , , , ,
21.8572825,0.004952222916, , , , , , ,
21.88530466,0.004876592961, , , , , , ,
21.91332682,0.004801333783, , , , , , ,
21.94134897,0.004726447697, , , , , , ,
21.96937113,0.00465193705, , , , , , ,
21.99739329,0.004577804228, , , , , , ,
22.02541544,0.004504051652, , , , , , ,
22.0534376,0.00443068178, , , , , , ,
22.08145976,0.00435769711, , , , , , ,
22.10948192,0.00428510018, , , , , , ,
22.13750407,0.004212893567, , , , , , ,
22.16552623,0.004141079891, , , , , , ,
22.19354839,0.004069661816, , , , , , ,
22.22157054,0.00399864205, , , , , , ,
22.2495927,0.003928023347, , , , , , ,
22.27761486,0.003857808507, , , , , , ,
22.30563702,0.00378800038, , , , , , ,
22.33365917,0.003718601866, , , , , , ,
22.36168133,0.003649615916, , , , , , ,
22.38970349,0.003581045534, , , , , , ,
22.41772564,0.00351289378, , , , , , ,
22.4457478,0.003445163771, , , , , , ,
22.47376996,0.003377858681, , , , , , ,
22.50179211,0.003310981745, , , , , , ,
22.52981427,0.003244536262, , , , , , ,
22.55783643,0.003178525594, , , , , , ,
22.58585859,0.00311295317, , , , , , ,
22.61388074,0.00304782249, , , , , , ,
22.6419029,0.002983137123, , , , , , ,
22.66992506,0.002918900714, , , , , , ,
22.69794721,0.002855116985, , , , , , ,
22.72596937,0.002791789737, , , , , , ,
22.75399153,0.002728922855, , , , , , ,
22.78201369,0.002666520308, , , , , , ,
22.81003584,0.002604586157, , , , , , ,
22.838058,0.002543124552, , , , , , ,
22.86608016,0.002482139744, , , , , , ,
22.89410231,0.002421636082, , , , , , ,
22.92212447,0.002361618019, , , , , , ,
22.95014663,0.002302090118, , , , , , ,
22.97816878,0.002243057057, , , , , , ,
23.00619094,0.002184523629, , , , , , ,
23.0342131,0.002126494754, , , , , , ,
23.06223526,0.002068975481, , , , , , ,
23.09025741,0.002011970994, , , , , , ,
23.11827957,0.001955486618, , , , , , ,
23.14630173,0.001899527827, , , , , , ,
23.17432388,0.001844100251, , , , , , ,
23.20234604,0.001789209683, , , , , , ,
23.2303682,0.00173486209, , , , , , ,
23.25839036,0.001681063615, , , , , , ,
23.28641251,0.001627820596, , , , , , ,
23.31443467,0.001575139568, , , , , , ,
23.34245683,0.00152302728, , , , , , ,
23.37047898,0.001471490702, , , , , , ,
23.39850114,0.001420537042, , , , , , ,
23.4265233,0.001370173758, , , , , , ,
23.45454545,0.001320408573, , , , , , ,
23.48256761,0.001271249492, , , , , , ,
23.51058977,0.001222704821, , , , , , ,
23.53861193,0.001174783183, , , , , , ,
23.56663408,0.001127493545, , , , , , ,
23.59465624,0.001080845236, , , , , , ,
23.6226784,0.001034847976, , , , , , ,
23.65070055,0.0009895119046, , , , , , ,
23.67872271,0.0009448476111, , , , , , ,
23.70674487,0.0009008661701, , , , , , ,
23.73476703,0.0008575791803, , , , , , ,
23.76278918,0.0008149988084, , , , , , ,
23.79081134,0.0007731378368, , , , , , ,
23.8188335,0.0007320097194, , , , , , ,
23.84685565,0.0006916286422, , , , , , ,
23.87487781,0.0006520095941, , , , , , ,
23.90289997,0.0006131684465, , , , , , ,
23.93092212,0.0005751220445, , , , , , ,
23.95894428,0.0005378883121, , , , , , ,
23.98696644,0.0005014863743, , , , , , ,
24.0149886,0.0004659366987, , , , , , ,
24.04301075,0.0004312612631, , , , , , ,
24.07103291,0.0003974837522, , , , , , ,
24.09905507,0.0003646297937, , , , , , ,
24.12707722,0.000332727242, , , , , , ,
24.15509938,0.0003018065242, , , , , , ,
24.18312154,0.0002719010665, , , , , , ,
24.2111437,0.0002430478258, , , , , , ,
24.23916585,0.0002152879654, , , , , , ,
24.26718801,0.0001886677254, , , , , , ,
24.29521017,0.0001632395706, , , , , , ,
24.32323232,0.0001390637371, , , , , , ,
24.35125448,0.0001162103803, , , , , , ,
24.37927664,9.476265986e-05, , , , , , ,
24.40729879,7.482136751e-05, , , , , , ,
24.43532095,5.651225982e-05, , , , , , ,
24.46334311,3.999856026e-05, , , , , , ,
24.49136527,2.550457511e-05, , , , , , ,
24.51938742,1.33678784e-05, , , , , , ,
24.54740958,0, , , , , , ,
24.57543174,0, , , , , , ,
24.60345389,0, , , , , , ,
24.63147605,0, , , , , , ,
24.65949821,0, , , , , , ,
24.68752036,0, , , , , , ,
24.71554252,0, , , , , , ,
24.74356468,0, , , , , , ,
24.77158684,0, , , , , , ,
24.79960899,0, , , , , , ,
24.82763115,0, , , , , , ,
24.85565331,0, , , , , , ,
24.88367546,0, , , , , , ,
24.91169762,0, , , , , , ,
24.93971978,0, , , , , , ,
24.96774194,0, , , , , , ,
24.99576409,0, , , , , , ,
25.02378625,0, , , , , , ,
25.05180841,0, , , , , , ,
25.07983056,0, , , , , , ,
25.10785272,0, , , , , , ,
25.13587488,0, , , , , , ,
25.16389703,0, , , , , , ,
25.19191919,0, , , , , , ,
25.21994135,0, , , , , , ,
25.24796351,0, , , , , , ,
25.27598566,0, , , , , , ,
25.30400782,0, , , , , , ,
25.33202998,0, , , , , , ,
25.36005213,0, , , , , , ,
25.38807429,0, , , , , , ,
25.41609645,0, , , , , , ,
25.44411861,0, , , , , , ,
25.47214076,0, , , , , , ,
25.50016292,0, , , , , , ,
25.52818508,0, , , , , , ,
25.55620723,0, , , , , , ,
25.58422939,0, , , , , , ,
25.61225155,0, , , , , , ,
25.6402737,0, , , , , , ,
25.66829586,0, , , , , , ,
25.69631802,0, , , , , , ,
25.72434018,0, , , , , , ,
25.75236233,0, , , , , , ,
25.78038449,0, , , , , , ,
25.80840665,0, , , , , , ,
25.8364288,0, , , , , , ,
25.86445096,0, , , , , , ,
25.89247312,0, , , , , , ,
25.92049528,0, , , , , , ,
25.94851743,0, , , , , , ,
25.97653959,0, , , , , , ,
26.00456175,0, , , , , , ,
26.0325839,0, , , , , , ,
26.06060606,0, , , , , , ,
26.08862822,0, , , , , , ,
26.11665037,0, , , , , , ,
26.14467253,0, , , , , , ,
26.17269469,0, , , , , , ,
26.20071685,0, , , , , , ,
26.228739,0, , , , , , ,
26.25676116,0, , , , , , ,
26.28478332,0, , , , , , ,
26.31280547,0, , , , , , ,
26.34082763,0, , , , , , ,
26.36884979,0, , , , , , ,
26.39687195,0, , , , , , ,
26.4248941,0, , , , , , ,
26.45291626,0, , , , , , ,
26.48093842,0, , , , , , ,
26.50896057,0, , , , , , ,
26.53698273,0, , , , , , ,
26.56500489,0, , , , , , ,
26.59302704,0, , , , , , ,
26.6210492,0, , , , , , ,
26.64907136,0, , , , , , ,
26.67709352,0, , , , , , ,
26.70511567,0, , , , , , ,
26.73313783,0, , , , , , ,
26.76115999,0, , , , , , ,
26.78918214,0, , , , , , ,
26.8172043,0, , , , , , ,
26.84522646,0, , , , , , ,
26.87324862,0, , , , , , ,
26.90127077,0, , , , , , ,
26.92929293,0, , , , , , ,
26.95731509,0, , , , , , ,
26.98533724,0, , , , , , ,
27.0133594,0, , , , , , ,
27.04138156,0, , , , , , ,
27.06940371,0, , , , , , ,
27.09742587,0, , , , , , ,
27.12544803,0, , , , , , ,
27.15347019,0, , , , , , ,
27.18149234,0, , , , , , ,
27.2095145,0, , , , , , ,
27.23753666,0, , , , , , ,
27.26555881,0, , , , , , ,
27.29358097,0, , , , , , ,
27.32160313,0, , , , , , ,
27.34962529,0, , , , , , ,
27.37764744,0, , , , , , ,
27.4056696,0, , , , , , ,
27.43369176,0, , , , , , ,
27.46171391,0, , , , , , ,
27.48973607,0, , , , , , ,
27.51775823,0, , , , , , ,
27.54578038,0, , , , , , ,
27.57380254,0, , , , , , ,
27.6018247,0, , , , , , ,
27.62984686,0, , , , , , ,
27.65786901,0, , , , , , ,
27.68589117,0, , , , , , ,
27.71391333,0, , , , , , ,
27.74193548,0, , , , , , ,
27.76995764,0, , , , , , ,
27.7979798,0, , , , , , ,
27.82600196,0, , , , , , ,
27.85402411,0, , , , , , ,
27.88204627,0, , , , , , ,
27.91006843,0, , , , , , ,
27.93809058,0, , , , , , ,
27.96611274,0, , , , , , ,
27.9941349,0, , , , , , ,
28.02215705,0, , , , , , ,
28.05017921,0, , , , , , ,
28.07820137,0, , , , , , ,
28.10622353,0, , , , , , ,
28.13424568,0, , , , , , ,
28.16226784,0, , , , , , ,
28.19029,0, , , , , , ,
28.21831215,0, , , , , , ,
28.24633431,0, , , , , , ,
28.27435647,0, , , , , , ,
28.30237862,0, , , , , , ,
28.33040078,0, , , , , , ,
28.35842294,0, , , , , , ,
28.3864451,0, , , , , , ,
28.41446725,0, , , , , , ,
28.44248941,0, , , , , , ,
28.47051157,0, , , , , , ,
28.49853372,0, , , , , , ,
28.52655588,0, , , , , , ,
28.55457804,0, , , , , , ,
28.5826002,0, , , , , , ,
28.61062235,0, , , , , , ,
28.63864451,0, , , , , , ,
28.66666667,0, , , , , , ,
